segment no.	mm	section	segment	tempo (score)	meter	segment tpo	Stein 1924	Walter 1938	Scherchen 1950	Horenstein 1952	Rosbaud 1954	Kletzki 1954	Ludwig 1959	Mitropoulos 1960a	Horenstein 1960	Mitropoulos 1960b	Barbirolli 1960	Walter 1961	Barbirolli 1962	Barbirolli 1964	Kondrashin 1964	Bernstein 1965	Bernstein score	Ančerl 1966	Horenstein 1966a	Horenstein 1966b	Klemperer 1967	Kubelík 1967b	Kondrashin 1967	Solti 1967	Horenstein 1967	Neumann 1967	Szell 1968	Szell 1969	Abravanel 1969	Haitink 1969	Klemperer 1970	Bernstein 1971a	Maderna 1971	Boulez 1971	Boulez 1972	Maderna 1972	Giulini 1975	Kubelík 1975	Giulini 1976	Zender 1977	Morris 1978	Levine 1979	Sanderling 1979	Tennstedt 1979	Bernstein 1979a	Bernstein 1979b	Karajan 1980	Neumann 1982	Tennstedt 1982b	Karajan 1982a	Solti 1982b	Sanderling 1982	Karajan 1982c	Asahina 1983	Wakasugi 1983	Maazel 1984	Doráti 1984	Bertini 1985	Bernstein 1985a	Bernstein 1985b	Inbal 1986	Abbado 1987	Sanderling 1987	Haitink 1987	Tennstedt 1988	Rögner 1988	Ozawa 1989	Pešek 1990	Gielen 1990	Tabakov 1991	Segerstam 1991	Sanderling 1992	Haitink 1993	Barshai 1993	Sinopoli 1993	Rattle 1993	Masur 1994	Waart 1995	Boulez 1995	Maazel 1996	Sinopoli 1997	Dohnányi 1997	Levine 1999	Abbado 1999	Jansons 2000	Paternostro 2001	Ashkenazy 2002	Ozawa 2002	Gielen 2003	Haitink 2004	Chailly 2004	Tilson Thomas 2004	Schwarz 2006	Barenboim 2006	Rattle 2007b	Gilbert 2008	Nott 2008	Salonen 2009	Järvi 2009	Oue 2009	Haitink 2009	Norrington 2009	Zinman 2009	Abbado 2010	Gergiev 2011	Ashkenazy 2011	Maazel 2011	Haitink 2011b	Schønwandt 2012	Dudamel 2012	Chung 2013	Chailly 2013	Fischer 2013b	Stenz 2014	Sladkovsky 2016	Harding 2016	Jansons 2016	Noseda 2017	Netopil 2018	Levi 2018	Blomstedt 2018	Fischer 2019	Currentzis 2019	mean	max	min	seg	
1	1	A1	X1	Andante comodo	4/4	1	72,0	62,8	82,3	60,0	66,4	55,8	70,3	76,8	63,9	58,6	55,8	73,2	57,3	61,4	66,9	61,6	72,0	62,0	58,5	61,4	61,6	61,4	65,8	63,4	62,2	72,5	70,5	70,9	58,4	58,7	60,5	61,3	51,3	53,4	55,8	49,5	57,1	57,0	57,4	71,4	72,8	57,0	51,8	60,2	59,1	57,7	52,7	69,4	58,7	66,2	57,0	56,9	65,0	63,3	57,0	56,4	66,3	62,8	57,4	54,6	59,5	63,4	60,5	55,5	65,9	77,6	59,7	62,1	62,0	54,3	49,9	58,4	58,7	69,8	69,2	54,1	62,9	54,9	54,3	53,6	55,6	55,2	63,5	63,1	54,3	57,9	63,6	60,3	62,0	63,6	45,8	57,3	63,7	60,3	51,8	55,2	54,3	65,0	49,9	62,4	60,3	57,8	54,8	57,6	59,8	64,3	50,4	67,9	58,3	58,1	54,6	64,0	67,0	60,7	53,8	61,6	60,0	72,0	57,5	54,4	61,4	60,6	64,5	60,6	82,3	45,8	1	
2	6.4		A1a			2	72,0	60,6	78,9	57,2	69,2	63,2	67,1	71,4	68,1	53,4	57,7	54,5	55,2	55,7	62,8	53,7	72,0	64,0	59,6	59,8	59,5	59,5	65,5	57,7	62,9	65,3	66,4	65,2	56,9	56,3	58,1	53,1	45,7	48,9	53,6	46,6	50,0	55,7	48,8	67,5	64,1	50,8	53,1	48,8	51,9	51,0	51,8	64,2	51,4	59,0	55,1	56,5	64,5	59,1	53,2	55,5	59,3	57,1	51,2	46,4	55,7	59,0	60,4	52,7	54,3	75,8	56,7	58,7	61,4	47,4	48,5	58,4	54,7	65,2	58,5	51,7	62,7	53,5	52,3	56,9	50,4	53,0	55,1	56,7	55,3	50,6	57,8	52,5	56,4	61,0	46,7	53,0	54,8	59,5	51,0	56,8	51,1	60,9	48,0	54,5	55,9	56,9	50,9	55,9	55,6	56,7	44,8	62,6	53,9	50,2	50,1	62,9	67,9	57,2	52,5	56,7	58,1	69,6	57,4	49,8	61,1	60,8	56,8	57,0	78,9	44,8	2	
3	17.6		A1b	17: morendo (Vc.)	6/4 (17)	3	72,0	52,3	79,8	54,0	70,0	66,1	61,1	69,5	65,5	53,1	59,2	50,0	54,1	53,5	60,6	52,7	72,0	62,8	59,4	55,0	57,0	63,2	63,7	55,0	60,8	63,9	64,2	65,8	56,6	57,5	57,3	56,0	42,6	48,4	56,6	51,9	48,1	60,0	48,3	65,2	58,8	53,3	55,3	48,3	52,9	53,9	50,9	63,4	49,0	56,0	56,4	61,2	61,2	58,4	51,7	53,5	59,6	54,7	52,3	46,9	57,0	61,2	64,9	53,3	55,8	76,7	55,0	57,7	61,6	45,6	46,7	60,0	53,5	65,8	59,2	51,7	59,9	53,7	56,6	51,6	50,4	53,6	54,9	56,5	59,1	51,8	57,4	52,2	56,2	63,2	50,9	54,8	55,2	58,2	50,9	57,5	50,6	61,8	49,7	53,9	53,8	55,2	51,1	54,9	55,3	53,8	41,0	61,2	54,1	51,0	49,4	61,0	67,6	59,6	51,5	57,1	55,6	67,6	58,3	48,3	55,8	60,7	54,0	56,6	79,8	41,0	3	
4	27.1.x	B1	Y1		4/4 (18), 6/4 (26)	4	80,0	52,5	92,1	54,8	83,2	69,8	60,1	68,6	63,4	58,3	72,0	50,1	65,2	61,4	64,4	66,0	80,0	62,3	55,9	48,1	60,9	66,7	67,2	63,9	57,5	58,2	73,4	71,1	59,1	60,9	65,1	59,1	56,2	46,2	52,1	66,6	48,0	66,9	44,3	68,4	62,2	55,6	62,2	52,2	54,2	53,5	51,8	60,9	48,8	54,8	56,3	62,3	55,8	60,4	53,3	52,5	65,0	56,7	55,1	48,4	59,0	64,4	68,3	53,2	60,5	80,2	52,6	58,9	62,1	54,3	48,0	60,2	57,3	69,5	69,7	68,7	67,2	57,1	50,8	53,0	51,2	58,6	55,1	64,2	69,7	53,1	60,1	49,8	64,2	64,5	49,8	56,4	61,9	71,6	56,9	64,5	51,2	59,7	62,1	57,6	55,6	55,0	51,3	59,5	62,7	54,2	47,2	63,3	57,5	51,2	51,8	63,1	73,4	68,2	62,5	58,6	57,4	70,2	61,3	48,9	60,9	63,7	60,1	59,8	92,1	44,3	4	
5	29		B1a		4/4	5	80,0	61,8	110,3	61,9	98,1	82,6	65,7	79,0	77,9	70,8	90,2	58,4	78,5	78,8	73,5	62,1	80,0	71,0	62,7	61,7	67,8	74,5	74,6	69,2	67,7	70,7	84,7	79,0	65,5	70,5	67,1	65,5	66,6	53,9	68,9	76,2	57,1	70,0	53,8	74,5	63,2	64,9	69,0	54,6	65,5	65,0	61,2	66,8	54,2	61,7	57,5	72,4	62,8	64,1	58,3	59,4	71,4	65,7	61,6	61,2	63,7	69,8	75,3	65,0	62,6	84,8	65,4	60,5	70,4	58,6	58,7	65,4	69,1	74,7	72,8	75,0	79,2	64,3	61,5	55,6	59,5	62,0	65,5	72,8	79,1	65,2	67,8	63,9	68,7	72,7	57,6	60,7	63,5	78,8	67,0	69,4	59,1	78,2	74,9	58,3	61,6	76,7	58,0	70,0	69,8	61,3	43,0	70,4	60,4	61,8	61,3	66,3	80,3	79,0	74,1	73,5	72,3	74,7	70,8	51,6	62,7	76,1	62,4	67,9	110,3	43,0	5	
6	44.2		B1b (fanf)			6	100,0	59,4	123,8	55,7	104,7	73,8	68,1	82,8	67,9	63,7	88,1	59,2	75,8	79,0	83,5	52,0	80,0	76,2	57,0	57,7	67,7	78,2	78,2	75,3	61,3	73,0	83,7	71,9	62,1	75,0	63,4	51,6	83,8	54,3	77,4	97,1	59,1	76,0	56,8	88,0	59,6	61,9	75,2	54,2	55,1	53,0	60,8	61,6	52,6	63,9	61,0	74,8	62,8	62,0	71,5	54,9	72,6	63,1	59,7	57,0	62,4	70,0	79,3	68,2	63,4	85,4	75,2	62,8	74,1	62,8	62,2	70,3	70,6	73,1	69,1	63,8	84,8	65,7	61,9	53,2	57,9	66,6	64,0	80,4	83,9	63,0	69,8	66,8	74,9	71,4	60,9	63,5	69,6	82,9	63,1	72,6	59,0	81,5	77,1	58,7	56,4	76,5	61,3	76,2	78,5	59,1	43,6	66,6	59,4	63,1	59,1	68,3	86,0	85,4	98,7	73,2	70,2	79,3	77,9	51,1	65,8	75,1	57,8	69,0	123,8	43,6	6	
7	46			Rit.	6/4 (46)	7	75,0	59,4	89,2	48,8	90,1	70,6	56,1	68,8	68,6	57,0	73,8	57,8	63,8	63,9	69,1	52,1	76,0	61,0	53,9	54,6	65,5	76,9	69,3	53,2	58,7	63,9	68,4	62,4	59,7	62,1	73,3	47,3	56,5	47,3	72,8	57,8	53,3	65,5	52,2	72,8	56,9	51,3	59,0	47,0	49,5	45,7	58,8	50,8	46,3	58,0	47,3	56,6	54,9	57,2	54,7	49,1	53,6	55,4	43,3	48,3	54,0	63,3	62,0	50,2	52,2	81,1	64,6	53,9	61,4	53,3	52,8	57,4	53,4	67,2	58,8	47,2	71,2	56,7	51,1	43,2	40,2	58,1	54,4	66,6	64,3	52,9	51,8	60,8	54,9	59,3	48,6	49,9	60,6	60,4	48,3	59,2	50,5	61,0	66,6	52,1	42,6	59,7	51,4	56,4	68,4	53,8	39,0	53,5	50,2	51,8	44,9	59,2	71,9	64,5	58,6	58,2	56,9	64,9	58,8	48,9	52,6	65,3	41,7	57,8	90,1	39,0	7	
8	46.6		{upb}			8	75,0	35,3	79,8	31,6	32,3	60,8	37,8	38,9	33,1	29,2	55,9	40,6	36,7	36,0	47,1	27,7	76,0	42,9	41,5	38,9	40,9	34,0	49,0	28,5	44,6	58,1	52,4	52,0	56,2	45,7	23,9	35,9	27,1	31,6	23,6	33,5	30,2	33,2	26,1	45,9	35,5	34,4	35,2	29,7	27,6	25,9	33,0	28,9	24,4	29,9	35,6	39,0	36,0	45,2	21,5	31,8	28,5	33,6	31,8	27,6	33,9	36,1	34,2	32,2	32,8	38,1	35,5	26,6	38,5	34,2	26,8	29,0	39,5	34,1	29,9	25,7	37,9	31,8	29,4	23,9	21,8	32,7	31,8	29,8	38,9	53,0	25,8	22,9	28,3	31,5	32,7	11,4	34,5	24,4	23,8	27,6	25,5	38,9	29,4	22,8	36,7	28,3	26,4	41,8	36,8	27,2	19,3	39,9	33,7	29,2	21,8	37,2	32,4	34,4	38,7	22,2	26,0	52,7	33,0	38,4	30,2	34,9	20,9	34,2	79,8	11,4	8	
9	47	A2	A2a	a tempo	4/4 (47)	9	72,0	63,2	94,9	69,9	81,6	74,5	65,0	80,3	87,1	63,8	74,0	58,7	66,5	66,1	68,6	63,2	72,0	66,5	71,3	69,9	60,8	68,9	69,9	71,1	74,3	67,5	76,1	76,4	60,7	71,4	61,3	71,8	58,2	51,7	64,8	74,6	57,9	70,1	55,2	72,4	58,1	58,3	67,4	57,6	66,7	69,0	57,3	68,2	55,1	61,7	59,7	71,4	60,8	64,4	57,7	59,0	63,6	65,4	63,2	64,3	64,5	69,7	76,3	70,6	64,2	80,6	67,5	62,7	68,6	52,6	57,5	70,2	71,0	72,0	64,3	64,5	78,5	62,1	60,2	53,2	55,9	64,0	61,5	69,2	74,4	63,0	71,6	64,8	62,8	77,0	58,7	62,9	62,3	77,7	63,8	66,4	62,9	73,3	69,5	61,9	61,4	62,5	59,2	65,5	69,9	61,2	46,3	70,0	62,3	61,4	63,0	68,6	81,6	73,5	64,8	69,2	67,8	72,8	69,7	52,1	64,0	74,1	59,2	66,3	94,9	46,3	9	
10	54		A2b			10	72,0	57,2	97,0	67,8	84,7	72,3	64,2	74,9	79,9	66,5	81,6	55,1	72,5	71,4	66,2	67,2	72,0	64,0	66,1	64,9	60,8	66,3	67,8	66,8	67,5	63,6	74,4	73,1	59,9	69,5	59,6	65,3	60,3	52,7	64,8	62,1	48,9	66,6	48,4	70,9	60,5	58,2	60,8	59,1	60,3	65,0	57,2	66,5	58,3	61,5	54,3	70,0	61,7	63,3	59,9	55,8	63,9	64,8	55,5	54,9	63,1	69,6	72,5	61,6	65,6	84,2	64,8	60,8	64,6	49,7	55,4	63,8	69,2	70,7	58,7	64,5	78,1	61,5	59,3	49,6	51,0	59,4	59,7	69,0	70,5	61,8	76,9	60,9	58,2	76,2	59,4	60,1	64,7	75,8	64,4	62,3	63,5	73,2	68,0	58,4	59,5	70,8	56,1	66,1	65,8	66,0	42,4	68,0	62,1	57,3	59,7	68,3	76,3	68,7	61,1	67,5	71,6	68,5	69,8	49,8	59,6	69,7	57,2	64,4	97,0	42,4	10	
11	56.4		A2c			11	72,0	63,0	101,7	65,5	81,1	73,2	61,2	71,1	82,5	62,9	81,7	56,5	72,6	69,9	65,9	61,3	72,0	65,8	71,1	67,0	63,1	72,9	68,9	70,4	71,2	65,2	74,6	74,8	62,6	69,7	58,7	61,8	60,9	51,2	66,1	68,8	51,4	70,7	49,0	70,1	58,5	59,6	63,4	59,4	60,7	62,6	59,5	67,7	54,4	60,3	54,4	71,2	62,3	62,4	60,0	56,0	64,8	61,6	58,7	57,0	63,1	64,2	71,5	64,7	64,1	82,7	62,5	59,2	66,3	51,2	53,8	64,5	69,1	75,0	63,5	64,8	75,7	61,8	59,9	51,2	56,1	61,5	58,5	68,5	73,2	60,9	73,5	59,6	62,5	75,9	56,8	57,6	59,5	81,5	63,0	63,8	58,4	72,7	71,7	52,7	61,7	73,4	56,5	65,4	69,1	65,1	42,1	67,5	62,2	55,3	60,5	65,8	69,4	67,3	64,8	65,5	68,8	71,2	69,3	50,6	60,5	72,5	56,1	64,7	101,7	42,1	11	
12	63.4		A2d			12	72,0	63,0	97,9	59,0	74,5	78,9	59,4	71,6	74,1	61,1	74,9	53,5	61,5	63,4	60,7	58,0	72,0	62,3	63,2	60,1	61,0	64,4	63,9	65,1	65,4	61,2	73,7	72,4	62,2	64,0	57,7	63,4	56,1	48,5	61,3	61,0	49,2	61,8	48,2	67,0	53,4	58,0	61,5	53,4	61,2	64,9	52,8	61,1	52,0	57,5	48,7	70,1	57,6	62,4	55,1	55,1	61,6	60,8	57,4	56,8	61,0	62,0	71,3	60,4	60,2	78,2	58,7	52,9	62,0	48,8	50,2	65,5	62,6	70,2	61,9	59,5	72,1	56,7	54,8	46,0	46,9	56,6	58,2	64,1	64,9	59,3	64,4	56,3	57,3	70,9	54,6	52,4	54,4	75,6	58,0	59,2	56,1	65,5	59,4	51,3	54,7	60,9	55,1	60,7	62,0	59,1	35,8	63,1	55,3	52,7	55,0	64,3	68,8	61,9	61,0	57,4	61,3	68,2	63,1	47,2	56,5	71,2	51,6	60,6	97,9	35,8	12	
13	71		A2e		3/4 (76)	13	72,0	57,6	96,6	61,4	66,4	68,1	55,8	68,9	71,0	59,7	70,1	49,6	58,9	60,2	58,3	55,7	72,0	65,7	60,0	56,9	55,2	57,8	60,1	55,1	62,3	60,3	68,2	65,9	55,5	61,3	52,8	56,6	45,4	43,7	53,4	51,7	49,4	54,5	46,1	62,9	51,3	56,3	54,0	50,1	58,4	55,7	51,8	61,6	48,7	54,6	47,9	63,6	55,1	58,4	52,1	48,1	55,1	58,3	49,2	49,7	54,4	60,9	63,6	54,5	56,3	77,6	57,6	53,2	58,6	46,6	46,5	59,4	58,9	65,4	56,5	53,9	66,5	53,4	50,7	43,8	47,3	55,6	56,2	63,3	61,0	55,4	57,8	55,4	54,4	70,9	53,1	49,4	56,9	69,1	54,1	57,0	50,7	64,0	53,4	49,0	52,0	56,2	52,5	60,0	54,3	53,3	37,8	61,1	54,2	50,2	54,6	59,8	67,1	56,6	54,8	56,7	59,8	67,3	60,6	47,2	53,4	65,7	49,4	57,0	96,6	37,8	13	
14	78.4		{fade/o}		2/4 (79)	14	72,0	52,4	80,0	56,4	53,0	64,3	45,1	50,0	56,3	57,4	62,3	53,6	53,1	64,9	45,7	49,0	72,0	48,6	53,5	56,7	45,0	47,0	42,1	58,7	57,7	52,2	60,8	65,2	56,7	54,8	46,6	48,4	37,0	45,6	46,3	40,7	38,7	45,4	39,3	51,1	48,5	55,1	52,4	43,2	50,7	48,5	46,8	57,8	43,6	40,8	57,0	61,0	28,5	44,9	50,3	33,5	40,4	57,9	56,7	47,3	43,7	53,1	59,4	52,8	53,8	62,9	46,9	54,7	64,1	51,0	32,5	53,3	60,0	56,6	48,1	50,4	63,9	43,5	42,3	36,2	38,9	47,2	51,0	56,6	63,6	51,0	45,4	41,0	47,8	67,5	60,7	39,5	50,1	60,0	50,2	50,0	52,7	43,7	44,3	37,2	50,4	44,7	44,5	56,5	56,0	43,5	33,1	62,1	54,2	48,8	46,3	60,5	64,9	34,5	33,2	50,2	54,3	58,8	51,4	52,2	49,6	42,6	43,7	50,5	80,0	28,5	14	
15	80	B2	B2a	Etwas frischer	4/4 (80)	15	80,0	94,1	120,8	84,2	105,9	91,6	79,4	82,7	88,9	82,3	93,0	73,9	92,0	91,2	84,3	83,7	100,0	82,1	77,1	74,2	79,9	87,6	92,9	83,3	78,9	88,2	99,2	95,4	80,6	93,9	82,2	85,7	71,7	64,8	77,5	80,6	72,5	89,3	69,8	95,4	81,5	80,1	88,0	83,7	86,9	85,0	76,3	82,6	67,5	83,2	73,6	91,4	81,8	70,5	87,5	75,3	82,5	71,5	82,4	83,8	78,1	91,1	97,0	96,1	81,5	103,6	87,7	86,2	92,4	73,0	77,7	88,0	95,5	83,5	88,1	96,4	95,3	83,5	70,4	63,0	66,5	77,8	80,8	98,2	89,4	85,8	99,8	85,7	88,3	94,6	77,1	86,6	80,5	103,3	95,7	95,4	87,8	91,4	105,2	72,2	81,7	92,8	74,9	93,4	86,0	90,7	57,9	92,5	92,8	87,5	89,6	83,4	94,2	90,0	98,3	92,9	80,8	92,7	94,6	70,9	84,8	91,6	91,9	85,6	120,8	57,9	15	
16	86		B2b	Fließend		16	84,0	105,4	127,0	92,7	111,5	100,8	85,7	83,7	100,2	95,8	103,7	75,6	97,4	107,5	97,0	90,3	100,0	89,4	85,4	87,3	80,1	86,3	107,7	84,0	87,0	93,0	101,5	98,0	84,1	94,1	80,8	94,9	83,4	68,5	95,0	93,1	74,5	87,8	70,3	99,1	73,1	88,9	90,1	85,5	87,7	86,0	79,2	88,6	71,8	87,6	69,0	93,7	83,9	78,0	86,9	78,4	80,2	86,4	87,5	84,4	82,7	89,5	99,8	96,4	84,4	99,7	84,4	84,1	79,7	69,3	78,2	88,7	95,8	96,4	91,5	98,8	98,2	91,1	77,6	65,0	77,9	77,7	87,4	99,9	101,6	83,3	106,9	85,5	77,2	100,2	80,6	84,9	84,5	107,4	95,4	99,6	88,0	100,9	104,4	75,5	83,4	101,0	81,9	93,3	87,7	96,1	55,9	94,1	94,7	96,5	92,1	84,7	93,5	97,0	103,8	94,4	84,6	93,1	101,9	71,8	79,2	94,5	89,7	89,3	127,0	55,9	16	
17	91		{upb}	Rit.		17	72,0	73,6	102,8	61,7	80,9	69,6	64,6	58,6	64,6	67,4	79,1	52,4	77,8	92,2	87,2	65,6	100,0	72,8	66,2	57,8	79,7	76,8	89,2	63,0	66,7	80,3	76,0	73,9	68,1	64,0	57,4	64,1	52,4	47,1	69,8	72,5	57,6	70,0	58,5	67,5	58,1	69,7	73,0	58,2	60,6	55,8	62,9	73,7	48,2	71,7	60,2	76,0	79,5	64,0	65,5	60,4	60,3	74,9	59,2	64,9	71,0	68,9	79,7	64,5	58,6	80,3	68,7	79,5	65,7	70,3	52,7	67,9	71,5	75,3	75,9	67,5	69,0	72,6	56,2	50,4	47,6	63,1	62,8	73,3	80,5	61,5	68,5	72,4	62,7	64,8	54,4	57,1	60,2	72,2	67,5	73,4	65,8	78,8	77,7	51,4	64,3	70,2	67,7	59,5	68,7	66,1	39,8	66,7	69,2	68,2	65,1	60,4	75,8	78,4	86,1	66,5	61,0	68,5	74,0	55,9	60,7	80,3	62,8	67,5	102,8	39,8	17	
18	92		B2c	a tempo (Allegro moderato)		18	92,0	105,7	135,6	89,0	113,9	97,1	93,8	92,4	102,4	92,3	102,7	72,1	98,6	115,2	109,5	85,4	80,0	87,9	85,8	87,1	93,1	95,1	116,8	95,0	88,9	93,6	109,7	106,1	85,2	105,6	82,7	87,8	99,4	70,5	103,6	100,2	82,4	99,3	78,3	105,7	75,1	94,6	94,6	75,9	87,0	88,0	76,1	89,2	70,7	87,0	85,2	94,3	88,2	73,3	88,8	94,5	96,7	90,8	82,1	87,7	83,8	96,6	99,6	105,5	78,0	101,1	99,4	97,4	97,5	85,3	82,3	91,3	110,1	98,1	96,4	106,3	101,1	100,4	89,1	84,5	69,4	81,2	90,8	105,1	98,5	98,2	95,2	96,4	95,2	104,5	93,5	83,6	88,6	106,8	108,4	104,7	92,9	92,1	118,9	82,0	90,9	110,8	83,0	102,8	97,0	89,8	72,3	101,4	104,9	100,9	102,1	91,4	91,5	106,4	111,5	101,8	87,6	100,4	98,9	81,5	82,3	100,4	97,1	94,2	135,6	69,4	18	
19	102		B2c {cont}	Allegro		19	120,0	126,2	149,7	96,6	131,4	113,4	105,7	110,1	118,1	119,9	131,1	89,4	125,2	144,4	133,4	116,4	116,0	113,5	97,6	103,7	89,0	123,7	139,1	110,7	104,5	112,4	116,8	109,3	104,6	120,3	79,9	118,3	124,9	85,2	121,7	144,9	97,4	127,7	97,5	121,4	87,8	109,8	104,4	110,2	121,2	122,5	109,5	108,1	115,9	95,1	107,4	108,8	96,9	86,9	105,5	102,0	107,4	112,8	116,6	121,4	99,5	115,4	112,7	120,3	116,5	123,7	135,9	104,6	108,7	111,8	117,0	101,3	131,0	110,0	122,5	135,7	115,6	115,9	105,4	101,8	105,6	102,6	105,2	116,1	121,9	109,6	113,5	129,7	103,0	116,9	112,4	110,0	113,1	121,2	131,1	130,0	103,9	124,1	136,8	103,0	99,4	126,4	96,4	112,3	118,0	110,9	90,7	108,8	133,7	123,5	122,7	122,9	121,5	127,2	131,1	121,8	113,6	123,3	114,8	105,0	105,2	118,3	126,0	114,2	149,7	79,9	19	
20	107.1.2		{cut_off}			20	120,0	115,0	91,8	89,4	80,6	86,4	79,5	99,1	92,1	90,4	106,0	63,8	98,1	106,7	69,2	77,5	116,0	55,0	71,4	102,0	69,9	105,6	74,5	62,3	78,6	68,8	62,9	58,3	75,2	53,7	68,9	82,8	121,5	66,8	110,5	109,9	73,4	113,1	76,0	85,9	83,2	53,6	87,4	48,7	66,7	87,3	89,7	86,6	54,3	74,9	50,1	83,2	81,7	59,7	58,9	79,1	66,5	95,4	81,4	81,2	80,3	107,2	92,5	52,4	57,4	105,8	72,8	79,2	87,2	58,0	66,3	62,4	79,6	102,2	119,9	132,9	74,8	66,6	92,0	87,4	90,2	85,7	88,8	109,4	95,5	76,2	86,5	75,3	84,0	92,6	71,6	83,6	107,2	100,7	117,7	80,1	84,6	51,7	82,4	69,2	78,9	72,3	66,7	104,7	108,1	80,4	55,6	72,7	74,3	109,2	80,8	124,7	109,3	112,2	69,6	116,4	86,0	100,7	100,5	92,9	92,9	60,6	119,1	84,0	132,9	48,7	20	
21	108	C1	X2			21	120,0	75,2	87,3	88,5	72,8	77,5	80,6	81,7	88,1	67,0	101,0	59,9	93,0	96,4	67,0	69,8	72,0	59,8	69,1	82,3	64,6	97,2	74,1	70,2	80,5	68,0	68,8	71,6	79,5	79,4	65,7	52,8	104,8	66,5	102,3	116,4	67,0	97,2	69,5	91,5	77,3	60,1	55,7	57,6	58,0	54,8	72,4	85,5	65,1	68,3	58,7	58,4	71,7	58,9	58,6	71,7	59,8	84,9	57,2	47,0	74,4	99,4	53,2	66,9	63,0	104,3	65,6	80,0	82,0	59,2	61,2	53,3	87,1	90,3	95,7	90,9	68,7	64,5	80,5	77,4	63,4	80,8	69,9	96,5	74,6	85,2	77,3	76,0	83,8	85,5	86,6	66,4	90,4	81,9	110,8	77,2	81,4	79,5	60,8	63,3	81,1	61,4	64,9	100,0	88,7	78,2	53,7	80,3	70,2	114,7	75,1	111,3	85,8	115,6	65,9	101,7	77,5	82,1	75,5	86,7	84,0	56,9	115,1	77,0	116,4	47,0	21	
22	110		C1a	Tempo I. subito (aber nicht schleppend)		22	72,0	91,1	81,1	64,8	76,6	66,2	71,6	77,7	79,3	65,5	70,0	66,2	59,6	67,6	67,4	68,8	72,0	64,5	66,4	65,7	72,3	70,2	70,0	72,6	73,7	73,6	72,4	75,3	69,7	69,6	64,7	68,9	76,8	56,2	71,4	80,0	65,1	74,9	62,1	81,9	65,4	62,1	63,7	62,1	66,2	66,1	69,6	81,6	61,8	71,9	59,0	63,9	72,6	62,1	67,3	58,4	65,8	64,1	67,9	67,9	63,2	72,2	70,0	66,7	65,2	77,5	69,4	70,9	68,0	54,3	62,1	67,8	72,3	71,4	73,1	64,5	76,3	59,5	65,5	60,7	56,9	61,9	62,2	69,1	63,2	73,8	81,9	77,9	61,0	69,6	68,2	60,1	71,0	72,5	62,4	68,7	64,7	73,5	59,7	56,4	65,1	64,2	63,7	68,0	73,3	76,6	56,1	67,6	67,7	66,3	70,2	79,7	69,2	80,7	70,6	68,6	65,6	77,2	70,0	63,6	69,3	68,8	68,0	68,5	91,1	54,3	22	
23	119		C1b			23	72,0	83,1	85,8	67,7	79,2	69,8	78,3	78,6	77,2	67,1	68,9	64,8	60,1	62,9	69,9	64,9	72,0	62,7	66,0	68,5	64,5	73,0	74,6	71,1	73,9	74,3	75,2	76,2	70,1	74,4	62,2	68,0	72,2	58,4	69,1	71,9	64,5	71,8	61,2	83,3	60,6	65,3	64,5	63,4	64,1	70,5	68,5	80,3	61,1	71,6	59,3	68,0	72,6	67,0	67,4	59,6	66,9	66,9	66,9	64,6	67,3	67,5	75,2	71,0	67,7	83,4	74,3	68,4	68,1	55,8	58,9	68,7	71,2	75,7	74,3	67,9	76,6	61,9	63,3	58,0	58,9	64,8	65,7	69,8	66,0	71,2	78,4	78,1	60,6	75,1	65,0	63,3	68,9	76,6	58,1	72,8	63,9	73,9	58,9	64,1	65,8	62,4	61,7	67,7	79,2	76,9	50,9	67,9	73,0	63,1	72,9	81,3	68,8	81,4	68,9	68,5	63,0	80,4	67,6	65,6	69,7	74,7	67,8	69,0	85,8	50,9	23	
24	129.3.2		{upb}			24	72,0	63,0	66,9	61,5	76,3	59,1	51,9	66,3	79,5	66,6	61,5	46,8	70,2	50,5	52,6	33,4	72,0	44,0	68,2	81,4	47,0	59,9	60,5	39,9	60,6	50,5	66,3	64,4	47,3	47,2	60,0	42,1	42,7	47,3	54,8	44,5	53,5	60,7	52,1	69,8	51,8	52,8	38,4	40,6	31,1	35,3	60,3	59,7	56,1	66,7	42,3	43,4	70,9	60,9	58,2	32,9	64,8	55,3	37,4	37,1	56,2	57,8	46,8	42,6	48,1	66,3	55,3	66,3	56,1	45,3	48,5	44,1	48,1	49,3	50,2	41,2	54,5	44,7	59,9	33,6	50,8	59,4	45,7	56,9	57,3	56,8	57,5	44,9	49,4	54,9	43,3	30,0	47,9	57,3	41,1	50,4	60,7	48,9	39,6	36,5	45,8	58,9	51,0	56,6	47,1	51,9	30,0	51,3	57,3	39,7	45,9	64,9	54,0	55,6	45,6	53,4	49,4	68,1	59,8	47,9	48,9	67,0	46,8	52,6	81,4	30,0	24	
25	130		C1c	Plötzlich sehr mäßig und zurückhaltend		25	64,0	68,1	75,7	63,1	79,0	67,9	65,5	64,9	74,2	61,0	66,3	55,4	55,1	58,5	65,7	53,5	68,0	56,0	63,5	65,4	65,1	63,2	71,5	59,9	68,4	68,8	68,1	68,5	56,0	57,1	59,8	59,1	47,2	44,4	57,4	47,0	56,1	61,8	51,7	66,5	55,1	56,2	56,6	52,2	58,5	57,7	60,1	66,2	53,9	68,3	52,1	59,8	68,8	62,4	61,2	50,3	60,9	57,2	56,1	53,1	54,1	50,2	61,3	54,4	57,4	77,8	70,0	64,1	58,8	48,4	49,7	58,9	57,7	62,5	57,0	58,8	66,4	56,5	55,6	51,6	51,7	56,3	53,7	60,5	59,6	60,9	60,5	66,0	57,0	66,2	57,5	55,1	50,8	55,7	53,9	57,8	52,8	63,6	46,3	49,3	56,2	57,3	54,8	59,1	63,4	61,8	45,9	61,1	57,5	50,9	54,7	61,2	58,2	48,1	54,5	56,5	56,4	75,4	65,3	52,5	57,0	65,9	56,2	59,2	79,0	44,4	25	
26	142		C1d	Noch etwas zögernd, allmählich übergehen zu		26	68,0	77,8	78,8	63,5	74,9	69,5	68,7	65,8	72,6	67,5	68,6	59,9	62,6	61,0	71,5	60,2	68,0	58,8	61,5	61,9	62,1	70,0	74,8	61,1	67,0	72,5	70,5	66,7	56,5	58,0	55,5	58,7	48,5	49,7	60,8	40,4	58,4	60,9	54,5	70,1	56,4	50,7	60,4	52,7	58,1	59,5	57,6	69,6	53,8	63,3	58,0	67,2	62,5	62,7	61,0	57,2	59,1	58,8	54,4	49,8	53,5	55,7	67,5	55,2	60,7	80,4	66,3	52,5	57,9	44,9	48,2	61,7	62,6	62,2	50,9	58,0	67,0	57,4	58,6	51,6	51,7	52,3	52,9	61,9	58,5	61,6	66,5	68,6	54,7	67,2	56,7	57,7	51,0	54,0	53,1	59,2	51,2	64,4	49,8	46,9	58,4	60,8	54,2	60,2	58,9	65,9	51,9	62,1	59,1	51,8	53,4	64,8	68,3	45,9	54,0	53,2	54,0	73,9	67,4	55,2	55,3	64,2	56,2	60,0	80,4	40,4	26	
27	147.4.2		{upb}			27	68,0	62,3	92,3	67,0	141,3	57,4	78,0	82,0	69,4	56,8	80,6	57,3	82,0	40,2	63,2	42,5	68,0	70,7	41,8	46,4	48,9	95,3	114,8	49,2	66,9	68,9	48,0	69,1	49,5	69,1	53,6	35,7	30,8	42,4	54,1	37,4	71,8	52,3	44,5	59,0	43,4	53,7	62,9	47,7	50,9	48,1	56,3	97,2	44,2	37,2	56,6	109,7	38,6	48,8	45,2	59,1	43,1	45,9	38,3	39,5	51,7	59,7	63,8	64,2	44,4	67,2	57,9	51,7	52,8	55,9	27,9	70,1	47,2	57,4	43,1	63,8	63,5	56,5	53,0	37,1	48,5	43,1	34,3	42,0	57,9	45,6	65,6	56,3	42,0	59,7	46,8	43,4	51,2	48,2	34,8	50,9	49,3	42,5	48,9	26,4	47,4	43,9	29,0	48,3	34,5	42,0	52,3	49,5	45,4	38,2	42,5	78,9	56,3	72,3	70,0	47,0	42,8	57,0	65,6	49,3	45,5	102,7	61,5	55,4	141,3	26,4	27	
28	148	A3	A3a	Tempo I.		28	72,0	64,6	79,7	64,0	70,8	70,6	73,2	70,3	71,9	63,0	62,1	55,2	59,1	59,6	71,4	51,8	72,0	62,5	64,3	63,1	56,7	71,3	73,4	60,2	68,9	73,1	66,0	65,1	52,9	61,0	50,3	52,8	43,2	49,4	60,6	44,6	52,3	66,1	49,9	70,8	58,6	48,1	60,5	47,4	56,1	53,8	59,1	68,6	47,6	59,5	53,1	67,5	58,2	59,7	57,7	62,0	55,5	54,3	50,6	50,6	59,6	61,7	68,9	58,1	57,2	77,8	65,9	56,1	67,7	45,1	48,6	64,7	62,9	64,1	60,1	59,2	64,1	56,2	57,3	52,9	51,1	51,6	53,1	60,9	57,9	61,6	61,6	70,4	55,3	68,3	62,1	58,4	55,5	62,7	55,5	60,7	55,3	68,6	58,0	50,7	60,6	62,1	54,4	59,1	57,2	63,6	59,9	66,9	61,1	51,8	55,2	71,0	65,2	57,8	59,9	60,4	57,4	71,4	65,9	56,3	56,4	66,5	56,9	60,2	79,7	43,2	28	
29	151.4		A3b			29	72,0	72,4	82,9	62,8	72,2	67,1	69,8	67,7	71,6	58,1	63,8	57,5	60,7	60,3	69,5	54,6	72,0	59,3	63,1	59,6	60,6	64,3	73,1	57,8	69,9	70,7	66,1	68,2	56,4	61,1	57,2	57,5	50,0	47,6	57,5	48,5	53,2	63,5	49,1	69,3	56,3	50,2	60,0	48,8	58,7	56,5	58,5	66,7	48,2	59,4	53,3	64,6	61,3	60,0	56,6	57,9	56,0	56,6	58,4	56,2	56,0	62,1	70,1	58,9	60,0	77,7	65,7	55,7	61,3	45,1	51,9	63,6	64,0	66,0	58,9	61,7	60,6	56,1	56,8	51,5	51,4	52,6	53,7	63,3	59,2	62,1	62,4	67,1	59,1	69,5	60,8	59,2	54,0	62,4	57,9	63,9	56,7	69,3	53,0	52,5	58,3	62,4	54,1	62,6	58,3	63,4	53,5	66,3	59,9	52,0	57,1	68,4	67,6	60,4	55,9	59,8	58,0	70,6	64,8	57,3	56,3	66,9	56,9	60,4	82,9	45,1	29	
30	160		A3c			30	72,0	76,0	82,5	65,0	79,4	72,3	66,3	66,8	75,5	69,9	77,4	59,0	77,5	70,9	69,2	64,1	84,0	63,9	62,7	65,2	69,2	74,0	73,3	66,5	71,6	73,7	65,0	69,2	69,4	66,9	61,8	69,7	63,1	53,4	65,1	62,4	58,8	73,2	55,7	73,6	59,7	57,2	61,6	59,8	70,6	68,5	62,9	71,6	62,3	64,0	57,5	70,8	65,8	64,3	65,3	63,4	68,2	62,8	63,4	63,0	65,9	68,2	72,1	62,4	68,4	85,6	67,6	64,3	68,4	51,6	56,7	62,8	66,4	68,0	59,4	74,2	72,2	62,4	65,7	57,5	53,7	60,3	56,1	68,1	69,4	67,9	68,2	70,3	68,1	73,6	62,2	60,1	56,8	66,2	66,1	64,4	58,1	75,2	69,2	62,5	65,7	77,1	56,9	66,2	63,6	69,6	58,5	75,4	73,2	54,8	58,3	70,1	73,8	65,4	66,8	66,3	67,4	71,3	65,9	58,3	58,7	69,7	60,0	66,2	85,6	51,6	30	
31	163.4		A3d			31	72,0	73,6	73,4	63,0	81,9	72,9	66,4	61,5	80,1	59,9	75,0	60,8	78,0	68,0	72,5	64,0	84,0	69,3	62,9	66,6	70,7	69,1	75,0	66,2	71,5	72,0	74,8	69,4	66,3	68,8	62,2	66,3	56,7	52,2	66,7	60,1	56,4	62,6	58,0	77,4	61,8	52,6	54,9	54,6	73,7	78,8	71,6	70,1	62,2	61,7	59,7	66,5	65,5	61,6	59,0	60,0	70,9	65,9	63,3	66,0	52,7	64,8	65,9	61,9	64,9	82,8	66,9	62,3	59,4	52,5	48,8	56,7	64,0	73,0	50,8	75,3	66,3	61,8	66,9	55,8	43,9	59,3	60,5	65,8	67,1	66,6	68,7	71,8	60,1	70,4	62,6	54,1	54,8	69,0	71,4	64,9	58,9	77,3	78,4	48,2	62,7	86,5	59,7	63,0	53,9	69,1	50,4	71,1	76,8	59,7	58,3	75,3	77,3	66,7	64,4	65,9	72,8	72,3	63,0	59,8	56,9	62,9	63,0	65,2	86,5	43,9	31	
32	164.4		A3d {cont}	Allmählich fließender		32	80,0	81,9	82,5	72,5	88,1	79,6	71,2	72,0	87,0	63,4	79,8	58,7	85,3	74,8	72,5	69,3	96,0	76,8	73,5	71,6	66,2	72,4	76,0	73,6	83,1	75,7	72,9	75,3	71,2	71,6	60,5	73,0	66,9	55,1	69,4	68,7	65,8	79,2	59,3	77,2	63,4	54,4	62,3	62,3	77,7	74,8	76,5	72,0	64,5	69,6	64,6	74,6	73,4	65,8	67,3	61,0	73,7	67,4	70,9	71,8	63,4	72,6	73,9	68,4	72,5	92,6	71,1	68,9	73,4	53,9	64,4	69,1	74,7	74,9	61,7	85,7	75,1	67,1	68,6	70,5	51,9	69,1	61,6	77,6	73,3	71,0	81,1	78,3	76,6	79,4	66,5	63,5	68,1	75,1	73,2	74,0	61,4	80,9	84,1	58,6	69,7	81,5	61,2	71,6	67,2	69,4	60,8	84,0	82,4	69,3	66,0	75,9	80,7	70,1	69,8	74,2	75,8	70,9	71,0	66,4	65,3	74,5	70,8	71,4	92,6	51,9	32	
33	168		A3e			33	80,0	95,3	94,9	81,1	104,5	96,9	92,1	86,1	104,8	91,3	98,5	70,8	110,9	99,3	105,5	90,2	96,0	91,1	76,0	91,4	75,1	109,7	111,5	96,6	92,3	95,2	91,4	92,5	95,8	99,8	69,8	101,2	85,6	67,1	84,4	94,4	83,7	113,6	74,5	93,9	82,1	74,7	93,3	91,3	94,6	97,5	96,2	80,2	84,1	90,5	76,2	94,3	91,9	72,2	96,6	91,5	97,5	85,1	94,8	96,8	89,7	89,1	94,9	94,8	96,6	109,3	93,4	95,6	107,3	85,3	101,5	82,8	98,9	88,0	90,6	108,4	91,0	86,6	76,4	77,6	81,9	93,3	75,6	91,9	93,2	93,6	103,9	96,8	100,9	96,5	86,3	84,5	96,3	95,0	97,9	91,9	85,2	100,2	125,5	72,5	91,4	99,8	71,2	91,5	89,4	92,6	67,9	99,0	108,0	102,6	87,1	91,8	98,3	95,0	98,7	99,1	89,5	84,3	90,5	85,5	79,7	89,4	86,6	91,7	125,5	67,1	33	
34	174	C2	C2a	Mit Wut / Allegro risoluto (Nicht zu schnell)		34	108,0	113,4	129,5	95,9	111,7	106,0	102,6	94,3	110,4	112,3	113,0	79,8	124,1	120,5	126,8	105,0	100,0	95,4	94,0	95,3	91,6	105,6	126,9	102,8	97,0	100,7	104,3	106,3	101,3	109,8	85,8	110,2	116,4	77,3	103,4	124,4	80,0	96,4	77,4	100,5	84,7	105,8	102,7	109,7	103,0	108,4	99,3	101,3	107,2	96,1	87,8	104,3	94,8	76,8	97,6	109,7	97,5	106,4	108,3	109,5	96,1	98,3	105,5	106,4	109,7	121,0	110,4	92,2	98,4	105,0	103,9	98,6	110,7	97,7	102,7	101,5	106,4	107,0	93,5	95,7	88,8	96,9	100,3	100,9	113,2	101,9	113,5	112,7	81,4	102,4	96,5	87,6	104,8	107,4	97,0	110,4	100,6	104,9	125,9	84,1	97,1	115,9	84,0	96,9	101,4	101,9	83,4	102,1	118,6	112,5	111,4	103,3	108,5	112,9	117,0	102,5	96,5	116,9	107,9	98,9	85,7	101,7	109,1	102,8	129,5	76,8	34	
35	184		C2b			35	108,0	115,9	138,0	93,6	114,5	102,2	103,0	93,6	107,8	98,7	109,1	74,4	119,1	117,9	119,5	81,9	100,0	92,1	88,9	95,0	83,6	96,4	120,7	98,0	96,3	98,3	110,1	109,2	87,9	104,5	76,1	85,5	98,3	74,1	105,0	106,6	80,2	90,7	75,4	96,7	71,5	102,5	100,2	78,7	74,6	84,4	95,4	97,9	79,5	90,7	78,7	100,7	87,0	73,2	95,2	99,9	95,3	103,8	81,3	85,1	84,9	92,0	103,0	103,6	91,7	116,5	102,5	91,0	100,5	102,9	86,7	91,8	107,5	97,3	97,1	104,1	105,0	99,8	85,4	85,6	81,8	84,5	91,9	95,1	100,9	92,0	98,3	105,7	91,8	106,6	88,9	78,3	94,1	109,5	98,2	106,0	85,5	101,9	109,1	72,4	91,6	116,4	77,2	90,2	106,2	94,2	71,5	100,3	109,6	101,3	99,1	98,2	103,3	97,4	100,9	95,9	85,7	112,6	97,3	97,3	78,0	98,8	107,4	95,9	138,0	71,5	35	
36	196		C2c			36	108,0	107,6	145,2	91,1	118,2	112,3	96,6	99,9	98,0	101,0	102,3	78,7	106,0	102,1	120,4	83,2	100,0	88,7	82,8	83,1	88,0	87,8	118,5	105,9	86,7	98,3	115,5	112,1	79,4	102,6	78,8	97,0	118,6	78,3	118,5	119,2	81,2	85,6	76,6	113,0	67,7	99,5	105,6	79,0	86,5	102,3	87,8	93,6	79,5	87,2	90,3	102,6	83,6	74,9	93,8	108,3	99,7	98,9	90,2	100,7	88,3	95,7	104,5	99,7	86,9	117,0	102,0	95,4	96,1	105,5	96,1	91,4	104,6	93,9	97,8	99,3	99,7	101,3	97,8	102,9	73,6	87,4	97,9	99,8	106,1	95,9	99,4	97,5	93,3	105,0	91,8	82,3	98,4	109,7	95,6	101,5	96,8	94,7	122,5	73,9	94,8	111,8	77,2	99,5	107,5	95,4	90,1	100,1	106,1	110,0	98,5	99,3	96,2	100,7	115,1	100,3	86,0	116,8	99,2	92,6	80,2	103,3	98,3	97,4	145,2	67,7	36	
37	202		C2d			37	108,0	115,5	126,8	106,7	112,1	122,0	104,2	109,9	109,1	107,4	107,9	86,4	122,7	117,5	110,9	95,2	116,0	95,6	87,6	95,3	89,9	101,2	116,1	106,4	94,4	111,8	106,3	107,5	93,8	103,9	74,9	113,8	105,5	83,4	121,4	121,2	84,1	98,0	85,4	108,3	77,9	109,6	109,2	92,0	100,0	112,7	90,9	112,6	102,4	84,3	97,7	110,3	79,5	78,5	101,2	101,6	93,5	115,1	103,9	114,7	107,4	108,9	109,4	101,1	105,7	127,8	105,2	86,2	95,7	109,4	106,1	90,8	105,4	106,6	129,8	103,9	105,9	106,0	101,1	104,0	100,2	102,1	92,8	113,9	112,0	92,9	116,2	112,3	92,5	96,5	84,3	91,1	110,8	112,0	102,3	109,8	98,8	117,9	127,2	87,0	95,4	100,3	83,9	100,1	118,6	122,4	82,5	98,5	113,1	118,4	102,3	103,7	107,7	110,4	96,8	101,8	90,2	119,1	99,1	97,1	92,4	104,0	110,5	103,4	129,8	74,9	37	
38	204	B3	X3/B3a	210: morendo		38	108,0	95,4	103,3	76,9	94,0	90,6	91,1	91,9	81,0	79,4	90,2	74,2	99,5	91,4	84,3	82,6	100,0	74,9	65,8	70,2	71,2	77,8	92,9	79,5	66,1	85,8	77,1	81,1	68,7	78,1	62,8	88,6	61,9	63,7	68,1	59,4	61,3	82,9	58,5	77,0	60,3	67,7	80,7	58,5	76,4	86,3	73,0	79,5	55,1	66,5	72,9	86,0	67,8	66,0	68,6	79,4	77,0	68,8	74,8	82,4	86,6	86,0	89,3	67,8	61,6	112,0	61,3	64,5	75,3	94,5	66,3	81,4	68,8	82,4	103,3	72,3	82,6	76,0	67,9	77,8	81,8	92,2	61,6	88,7	73,2	79,0	82,6	71,9	68,3	75,2	63,5	58,6	64,8	76,0	70,6	82,7	86,4	85,1	80,1	58,2	69,2	60,8	66,0	80,5	82,6	95,5	64,1	81,5	81,7	65,2	94,0	84,9	82,1	86,7	67,5	76,1	66,5	96,5	87,4	76,0	77,6	77,2	69,9	77,0	112,0	55,1	38	
39	211.1.x		B3b	211: Leidenschaftlich		39	88,0	89,7	115,4	67,7	100,0	83,1	80,3	91,4	76,7	87,8	96,7	70,1	90,4	87,7	88,5	84,1	100,0	76,8	70,8	66,6	81,6	74,7	88,4	76,0	70,4	73,8	93,9	95,5	71,1	76,8	74,1	93,6	77,0	69,8	84,7	89,2	62,1	73,4	62,0	78,6	55,6	81,3	73,4	63,7	79,6	89,3	73,0	69,0	61,6	71,6	66,6	76,1	71,6	72,1	65,9	70,0	79,0	86,2	73,2	79,3	85,1	80,9	69,7	73,4	68,6	105,0	63,6	65,1	73,9	74,0	69,5	60,8	72,4	85,9	70,7	79,7	87,4	75,5	68,6	70,6	56,7	83,8	86,5	84,3	89,0	77,3	66,8	72,8	71,4	78,6	62,1	67,1	67,8	89,8	74,3	78,0	72,9	80,8	91,4	58,1	68,2	80,7	58,8	81,1	67,3	71,0	51,2	78,8	74,4	70,9	75,4	72,0	89,3	85,9	72,7	73,0	70,5	85,6	79,6	65,9	63,3	89,7	74,0	76,5	115,4	51,2	39	
40	234		B3c	Plötzlich langsamer (Das Tempo so weit mäßigen, als nötig)		40	76,0	66,6	89,7	37,7	49,8	59,6	63,9	68,4	43,3	63,3	67,0	53,7	65,2	62,7	71,8	58,7	60,0	60,5	42,1	37,6	50,8	57,9	79,1	49,4	43,0	56,4	54,7	59,4	64,4	56,9	52,6	49,0	59,0	47,0	58,4	59,4	43,0	54,1	41,3	55,0	41,4	48,3	59,5	48,7	48,3	49,3	52,1	54,3	50,4	53,6	49,7	59,7	56,4	51,0	53,9	49,2	62,6	45,9	44,8	42,0	54,3	51,9	59,1	55,8	53,5	73,5	50,5	49,7	57,3	54,5	47,5	54,1	52,8	58,9	59,4	50,7	62,1	60,4	46,0	43,3	50,5	55,5	59,4	55,4	80,8	50,5	59,8	57,9	49,9	54,8	50,4	50,2	53,2	57,6	49,4	53,4	49,2	63,4	39,7	44,8	47,1	64,2	38,4	50,8	51,2	56,9	32,4	47,9	59,4	53,5	53,9	54,9	51,3	60,2	50,2	52,3	51,7	55,2	58,1	43,4	47,2	63,7	49,8	54,1	89,7	32,4	40	
41	237		B3d	Sehr mäßigend		41	72,0	52,5	70,8	42,8	44,1	53,4	64,2	69,3	50,2	58,2	54,4	47,2	52,8	48,1	61,7	43,9	60,0	57,0	43,3	44,0	52,4	51,5	73,1	50,7	45,4	62,5	60,8	61,3	56,2	50,6	48,8	43,1	51,7	49,3	67,0	64,4	49,5	49,8	48,1	59,5	46,9	50,2	59,6	45,4	40,7	42,6	48,6	52,7	47,1	45,8	49,6	61,8	49,3	53,4	57,6	46,9	52,7	44,5	43,1	44,5	52,6	57,4	69,5	43,7	51,9	75,7	50,4	47,5	55,6	51,8	43,7	56,3	44,6	55,2	56,0	47,3	57,3	62,4	52,1	41,2	50,7	51,6	54,5	52,6	75,8	53,1	53,8	53,5	51,0	44,5	46,8	49,0	59,5	56,2	46,9	51,8	50,0	53,9	54,0	47,6	41,5	57,8	46,6	51,1	49,7	59,2	38,6	43,8	57,5	52,2	51,2	51,9	44,0	55,5	51,5	48,4	53,1	49,8	59,3	45,7	52,8	56,4	48,7	52,3	75,8	38,6	41	
42	239		B3e	Schon langsam		42	66,0	59,1	78,1	41,5	46,7	57,6	63,3	69,6	57,0	57,4	56,5	48,1	49,0	44,3	70,2	52,0	54,0	62,0	43,7	46,4	64,0	58,5	73,9	54,2	46,9	74,6	63,6	67,4	56,5	51,6	49,4	59,6	46,3	49,9	64,9	57,4	55,5	61,7	52,9	62,9	51,1	58,0	61,4	46,0	49,1	51,9	50,9	63,1	48,9	50,3	48,0	63,2	54,6	56,2	57,3	44,5	56,5	45,1	53,3	48,7	58,1	54,7	65,3	44,2	50,8	74,3	48,5	51,9	57,0	57,8	43,7	53,8	47,6	53,9	79,3	51,6	69,4	60,1	57,7	40,2	57,8	58,9	52,0	59,6	72,3	56,5	57,2	56,5	53,8	50,6	45,4	51,3	59,1	53,7	49,6	59,5	50,2	58,8	60,9	51,6	43,3	57,3	46,9	55,8	51,1	60,0	33,6	46,0	60,0	51,6	52,7	52,7	45,9	50,8	54,9	54,5	52,4	55,3	56,3	51,1	55,1	61,1	50,3	55,1	79,3	33,6	42	
43	242		{fade/o}	Fermate		43	66,0	51,6	40,4	24,1	36,0	32,3	27,8	26,1	39,4	35,3	34,3	39,7	30,1	27,7	36,7	27,5	54,0	32,9	29,0	35,5	48,0	30,0	36,4	25,9	40,5	44,4	38,6	33,9	27,9	35,7	34,1	29,3	22,0	22,9	23,4	39,8	25,8	29,3	30,6	28,5	23,2	25,5	33,3	29,1	25,4	27,0	28,0	36,2	23,6	24,4	27,3	29,8	25,5	28,6	35,5	23,1	33,2	23,6	25,6	23,0	37,6	25,3	29,3	23,3	27,0	27,4	24,3	36,2	33,7	37,2	22,3	23,5	27,3	39,9	23,9	31,3	28,4	31,5	24,0	24,2	17,3	25,1	25,1	31,2	31,9	39,1	30,3	27,4	32,8	34,1	22,3	24,7	26,8	28,3	29,9	32,1	21,4	22,4	26,6	18,9	24,2	29,0	29,4	25,6	34,5	35,6	21,2	31,3	34,9	22,3	35,1	33,8	32,7	25,2	20,0	24,4	22,8	32,0	26,7	24,9	26,2	26,8	32,4	29,6	51,6	17,3	43	
44	243		{fade/o}	morendo		44	66,0	68,9	66,7	36,9	53,3	63,6	59,4	72,6	44,8	57,9	52,9	68,9	45,2	55,4	58,3	56,2	54,0	63,2	40,6	43,6	54,6	57,2	56,8	49,5	43,4	63,3	59,7	62,6	67,8	54,0	53,9	50,7	56,9	42,1	55,6	66,5	53,6	54,3	48,4	64,5	50,7	50,3	62,2	44,2	39,4	46,6	51,7	52,8	46,7	53,9	56,0	62,4	51,5	62,8	53,1	44,5	59,0	57,4	41,6	46,5	40,8	58,4	62,0	55,8	51,4	47,2	56,5	49,0	66,4	38,2	49,4	55,9	41,2	50,8	58,5	51,7	69,5	43,9	51,2	43,4	39,9	67,9	52,6	63,5	68,9	57,3	57,4	59,8	51,7	41,9	46,6	50,9	63,8	50,8	49,8	57,6	56,2	55,3	48,6	51,3	39,4	51,8	53,1	60,0	44,5	69,3	38,7	38,1	53,7	55,7	44,8	52,5	58,3	57,4	40,5	47,0	69,0	59,4	56,5	47,4	60,7	38,7	38,6	53,4	72,6	36,9	44	
45	243.3	C3	C3a	251: morendo, 253.1: Fermate		45	66,0	71,4	73,9	45,3	55,4	62,3	56,5	55,2	57,4	58,2	54,6	64,8	47,0	48,4	56,4	51,2	54,0	66,7	48,9	47,1	59,9	57,4	60,4	56,5	53,7	64,9	61,9	64,4	56,7	50,6	51,9	54,5	53,8	48,0	56,4	55,7	49,9	55,9	49,8	59,1	44,5	54,6	52,3	44,3	51,5	55,8	50,6	61,6	47,0	47,5	50,3	53,4	53,8	57,2	60,8	41,1	53,6	52,5	48,5	51,6	51,7	61,2	61,7	45,8	51,7	66,4	52,2	49,5	62,1	42,6	51,0	57,6	45,4	55,2	50,6	54,6	57,5	49,3	53,0	41,9	43,9	59,0	51,5	59,7	62,2	52,8	56,5	51,1	54,3	47,3	48,7	48,6	52,6	56,3	50,8	58,2	50,0	55,1	45,6	49,1	43,1	57,3	45,7	58,3	51,3	65,6	39,2	47,0	55,9	51,9	51,1	59,7	57,6	52,1	54,7	52,7	53,1	59,6	54,4	51,1	50,6	55,1	50,2	53,8	73,9	39,2	45	
46	253.2		{fade/o}	253/254: Fermate		46	66,0	36,0	48,7	44,8	41,2	54,0	31,5	28,4	44,0	39,5	36,5	45,8	32,9	35,3	32,8	35,1	54,0	42,7	27,5	30,8	35,3	43,2	34,9	32,3	41,2	45,1	40,2	42,3	35,5	35,5	28,6	33,5	24,4	28,8	32,8	29,3	26,4	36,1	33,8	29,9	29,0	36,2	31,1	30,3	31,9	34,2	33,3	49,5	42,5	24,4	32,6	38,4	23,3	37,5	31,8	26,3	45,9	35,9	32,9	35,0	33,1	28,5	25,1	21,2	37,7	36,4	22,9	29,9	39,4	25,6	29,7	35,8	28,4	34,9	36,4	30,1	40,7	24,5	29,2	23,9	19,6	39,2	30,0	37,2	36,1	35,1	29,9	24,1	37,4	30,1	32,1	23,4	30,8	32,7	29,7	30,6	23,5	35,6	25,2	21,4	27,9	20,3	27,4	30,9	28,0	34,9	23,5	29,6	27,7	24,7	29,7	33,7	46,1	19,1	31,5	22,6	33,1	33,0	25,4	34,0	27,8	30,0	32,1	32,6	54,0	19,1	46	
47	254		C3b	Schattenhaft		47	66,0	88,3	81,7	52,9	76,1	72,8	63,3	51,9	63,7	65,1	62,3	73,2	60,3	52,5	65,4	64,6	54,0	63,4	48,5	49,3	69,1	57,6	73,4	58,4	54,7	76,0	78,2	84,3	63,4	55,4	67,3	68,2	42,9	48,1	54,4	48,1	59,5	54,7	56,6	66,0	57,9	64,4	61,5	64,7	75,7	76,5	57,0	71,9	58,2	53,5	62,8	63,6	51,8	59,9	58,7	56,1	59,8	56,3	59,9	57,8	56,8	55,7	63,4	43,6	62,3	77,6	55,5	48,8	63,6	41,1	48,3	59,3	49,4	62,9	56,2	63,0	68,5	55,0	55,5	52,0	46,4	55,6	53,4	61,0	59,6	58,1	69,9	53,9	59,6	52,9	52,7	51,5	49,6	51,9	57,4	60,1	51,5	59,0	50,7	51,8	45,0	42,2	51,9	57,0	53,4	69,0	45,8	53,9	54,9	49,8	53,1	66,0	59,2	71,0	54,9	49,2	55,0	61,2	56,7	50,2	52,8	57,7	54,8	58,9	88,3	41,1	47	
48	260		C3c	Allmählich an Ton gewinnend		48	69,0	86,6	82,0	51,2	72,8	70,9	65,1	66,6	63,8	64,2	67,4	69,5	67,6	54,4	64,8	62,1	60,0	66,3	49,2	50,0	65,3	61,2	74,5	54,6	58,2	77,3	70,8	73,0	62,3	54,8	61,1	64,8	45,2	51,9	60,0	50,1	57,3	57,1	53,1	64,2	57,9	58,0	63,3	57,7	68,2	73,4	61,9	71,8	57,6	56,6	56,6	68,3	56,0	57,0	58,4	57,9	52,1	56,4	58,6	56,8	60,1	58,9	68,2	47,6	59,8	82,0	59,7	48,6	60,2	42,8	49,4	61,0	53,4	61,7	59,2	56,3	66,5	55,0	53,1	51,2	51,9	56,0	53,4	63,7	59,5	55,3	69,5	58,9	53,7	60,1	52,8	54,0	50,7	55,7	55,5	58,6	54,8	59,9	50,3	51,8	49,4	56,0	48,8	57,7	54,2	64,7	52,2	57,1	57,9	51,7	53,3	67,7	59,3	63,4	54,8	49,9	55,6	61,1	56,6	53,8	51,6	63,8	50,3	59,2	86,6	42,8	48	
49	266.4		{upb}			49	69,0	55,6	72,0	51,7	45,4	57,4	45,9	61,3	63,4	35,1	39,4	41,1	39,9	35,5	57,6	34,5	60,0	46,4	40,3	36,5	41,3	40,2	59,4	33,6	46,9	49,9	31,9	29,9	29,5	31,5	47,4	37,5	26,3	39,5	36,0	28,9	34,6	42,2	38,1	58,2	53,0	37,0	40,3	36,5	29,1	34,4	41,8	57,5	34,4	32,3	39,6	40,8	35,9	45,2	36,5	38,0	40,5	38,6	25,4	27,9	44,6	41,8	38,9	22,8	42,0	62,8	53,7	44,2	36,0	38,4	26,6	40,5	48,3	49,1	40,5	35,3	37,6	32,8	32,1	28,9	31,0	42,1	40,3	38,4	43,1	36,5	41,9	31,6	30,5	35,5	38,7	45,0	34,3	43,2	32,6	30,4	42,0	48,4	31,4	31,8	40,4	60,9	38,9	40,7	35,3	31,0	49,4	44,4	44,4	47,5	50,2	39,7	47,6	45,1	30,5	35,8	33,4	53,0	46,3	38,9	28,6	50,2	35,2	40,7	72,0	22,8	49	
50	267	A4	A4a	Tempo I. Andante		50	72,0	63,5	77,7	52,3	70,7	65,8	67,2	75,3	66,4	61,0	54,7	65,6	57,2	55,1	65,6	52,5	72,0	66,9	51,9	51,7	59,0	63,4	70,1	54,3	62,7	67,9	64,0	59,6	59,4	52,8	56,1	51,6	50,7	51,3	56,3	50,0	54,3	64,5	53,7	72,3	65,2	50,6	56,7	54,9	56,4	56,0	56,0	71,0	48,3	54,8	55,8	63,5	58,1	58,1	57,1	60,1	52,8	52,2	45,8	48,6	63,1	58,9	64,7	50,2	58,3	76,7	60,2	53,9	62,5	48,9	49,9	60,7	60,7	59,8	59,7	53,1	62,1	60,2	52,8	53,9	55,5	57,2	53,0	64,7	63,4	55,8	70,5	65,1	57,3	63,3	57,3	57,8	52,2	56,2	57,9	59,3	55,3	66,2	55,3	55,5	53,4	64,9	50,3	62,7	58,2	69,3	56,0	61,5	62,3	52,2	60,7	65,6	66,1	60,9	53,9	58,8	58,4	63,3	61,3	58,9	59,0	68,4	52,0	59,0	77,7	45,8	50	
51	268.4.2		A4b			51	72,0	65,2	84,4	53,4	75,4	68,0	67,4	71,8	67,7	59,4	55,9	60,8	57,4	54,3	66,8	55,2	72,0	66,5	54,4	52,1	60,8	66,0	72,5	58,5	59,8	73,4	66,1	67,3	55,9	56,6	57,2	58,8	51,1	54,6	60,1	58,3	56,2	65,5	53,3	68,2	61,5	51,7	61,7	52,2	54,3	58,6	58,0	71,0	48,9	56,9	56,0	62,5	59,5	57,1	56,1	58,5	57,5	56,8	49,8	54,4	64,3	63,8	69,6	53,8	61,6	77,3	57,9	56,6	62,3	43,2	51,1	63,4	60,9	63,6	54,0	60,7	65,4	57,6	53,5	51,6	56,0	58,7	55,0	68,0	59,5	57,0	67,4	60,5	58,1	66,5	57,1	58,1	58,5	58,5	62,6	62,8	58,5	67,0	54,3	55,6	54,4	66,3	51,5	65,1	57,4	62,9	53,4	64,4	63,5	52,6	62,4	70,4	63,7	61,6	55,5	59,5	55,5	64,9	60,7	57,7	59,3	72,8	52,6	60,2	84,4	43,2	51	
52	275	B4	B4a	Nicht schleppen		52	80,0	74,8	98,1	60,5	89,7	79,1	68,7	73,5	75,2	58,4	80,4	70,3	80,0	68,5	71,3	70,4	80,0	70,4	62,9	58,8	72,3	85,7	80,5	67,7	69,5	79,7	81,9	90,4	67,9	62,3	67,7	78,1	62,6	53,0	61,1	70,5	62,2	79,3	56,8	72,1	61,0	68,5	80,4	60,4	76,7	76,4	66,4	75,1	62,8	63,6	69,0	84,9	64,8	65,1	81,1	61,8	68,0	69,6	66,3	74,3	71,8	67,3	91,1	53,6	73,6	93,4	68,9	64,2	86,1	54,2	66,7	72,2	71,1	74,4	69,5	85,0	81,8	65,5	53,4	54,0	63,9	68,9	73,6	74,4	73,0	69,0	81,0	79,6	86,3	72,8	58,9	67,7	69,2	74,4	78,2	75,0	69,8	72,0	80,1	67,2	63,0	78,0	58,0	70,3	76,7	74,3	55,8	74,8	71,6	65,9	73,0	68,5	75,4	76,4	68,5	72,3	66,9	62,9	70,5	67,6	66,3	76,5	68,2	71,1	98,1	53,0	52	
53	279		B4b	Etwas fließender		53	88,0	89,4	126,8	79,6	110,7	92,9	82,5	81,2	95,5	83,1	102,0	79,0	101,3	88,5	97,1	85,7	84,0	80,9	71,9	72,7	87,5	90,2	106,2	85,6	80,4	87,5	107,9	110,0	75,5	86,7	79,6	89,3	79,1	65,1	85,2	89,4	69,7	85,9	73,8	82,7	69,8	82,5	96,8	65,2	90,2	89,3	80,9	78,2	63,4	81,9	80,3	101,1	74,5	84,0	93,7	89,6	80,9	81,1	80,8	85,3	84,5	77,7	93,7	71,9	73,7	107,1	86,7	76,3	90,8	72,2	75,5	86,7	94,5	84,7	78,0	98,6	107,4	79,9	73,3	85,1	73,6	76,5	90,6	80,7	96,1	89,1	88,0	86,0	90,6	90,2	72,0	77,8	85,3	98,3	91,9	99,5	79,9	89,0	113,5	78,5	78,7	95,1	66,8	77,2	84,6	85,0	71,0	91,8	95,5	93,5	79,7	77,3	85,5	90,0	98,9	89,6	79,6	93,3	80,5	84,0	74,4	92,3	91,1	85,9	126,8	63,4	53	
54	282		B4b {cont}	Etwas drängend		54	92,0	102,2	136,9	93,4	113,9	95,6	96,8	85,9	101,3	99,8	107,5	83,6	108,5	96,9	113,4	89,8	84,0	88,4	85,6	88,1	87,9	98,2	115,9	95,7	87,6	96,4	113,2	117,1	81,1	97,8	77,0	103,3	92,8	75,2	97,5	95,3	79,8	89,7	80,4	92,7	74,5	89,7	99,8	73,3	101,3	102,0	91,8	92,9	74,1	87,6	91,5	109,1	84,9	81,7	98,5	105,2	86,1	93,0	91,5	94,0	92,3	85,1	106,4	93,2	88,2	114,0	95,7	83,8	101,3	84,6	76,0	95,9	106,1	98,6	101,6	105,5	112,2	92,6	85,2	91,3	87,1	83,7	95,8	95,7	112,1	92,2	92,6	99,8	98,4	104,7	95,3	87,8	95,1	101,0	99,7	108,3	91,1	103,0	119,2	86,5	90,7	111,7	79,3	92,5	90,6	92,2	75,8	98,3	115,9	106,2	94,8	96,6	96,1	98,0	113,5	104,7	96,0	103,2	94,9	96,1	81,0	101,6	105,0	95,7	136,9	73,3	54	
55	285		B4c	Bewegter (quasi Allegro)		55	108,0	104,2	140,5	90,9	113,4	94,7	93,9	92,4	100,6	101,0	106,6	82,0	106,2	104,6	116,8	100,0	88,0	90,5	81,7	89,2	81,6	89,3	116,6	91,1	89,4	99,4	108,9	107,2	82,4	95,5	73,7	112,8	93,2	78,1	104,9	94,9	76,4	81,9	74,6	96,6	72,0	93,2	98,4	81,8	100,1	105,1	86,8	99,3	78,0	84,0	84,6	98,2	82,2	80,5	84,5	98,1	90,8	91,6	98,6	102,7	89,4	88,4	102,4	98,5	86,7	114,6	94,2	85,0	94,1	86,2	76,6	89,5	102,7	99,5	97,5	99,2	109,4	101,3	87,1	96,9	84,2	83,2	92,8	97,2	105,5	94,7	102,6	97,5	90,2	99,2	85,6	78,3	91,5	107,2	97,0	108,6	89,3	106,1	106,8	79,9	85,3	115,0	83,4	91,4	98,6	91,7	72,0	96,1	109,0	102,3	98,4	87,9	93,7	105,3	116,3	100,8	89,3	107,7	97,6	95,8	77,9	97,0	99,7	94,9	140,5	72,0	55	
56	303		B4c {cont}	Pesante		56	60,0	94,6	98,6	89,3	68,7	99,1	77,2	80,6	102,2	81,9	90,9	67,3	85,5	92,2	84,1	71,2	80,0	84,0	69,1	73,6	60,0	83,0	87,5	65,2	77,1	91,0	94,0	98,1	71,7	72,4	55,3	74,3	68,4	64,9	83,6	71,5	67,8	75,2	63,9	75,7	64,0	83,2	85,2	66,5	67,7	62,7	76,0	86,7	69,3	72,8	66,7	88,8	68,2	60,6	63,5	90,9	75,3	89,2	62,4	67,0	76,7	81,1	90,6	77,1	68,5	80,9	76,8	77,2	86,9	75,1	75,9	68,4	74,8	71,2	82,0	76,4	83,3	85,4	62,5	93,4	70,0	77,4	68,1	81,5	90,8	84,4	71,2	70,0	77,8	80,0	70,5	62,8	78,6	90,6	83,1	97,9	71,4	91,1	70,3	70,8	73,2	102,4	73,2	82,6	71,7	73,5	64,1	82,5	68,7	73,0	80,6	79,4	68,8	100,5	105,2	80,3	69,0	85,4	80,9	72,6	66,5	83,8	90,2	77,9	105,2	55,3	56	
57	307		B4c {cont}	Rit.		57	108,0	61,8	74,6	56,2	60,6	65,2	61,7	67,2	66,2	67,9	77,4	63,6	72,6	74,0	81,0	50,3	96,0	74,0	53,8	46,8	58,6	60,4	78,3	55,0	56,1	71,1	86,1	85,3	57,2	61,5	49,1	49,6	49,5	57,5	67,1	45,9	61,5	54,0	66,3	64,9	53,0	71,0	77,6	49,8	44,5	49,1	58,4	69,9	37,2	57,0	53,8	85,6	55,6	49,2	49,6	60,8	46,2	74,0	41,9	42,6	62,1	66,0	81,8	67,2	48,6	72,5	54,4	59,6	65,8	64,0	52,1	64,2	56,6	59,5	79,7	57,2	62,7	75,2	54,7	64,1	55,9	56,4	55,2	61,9	71,0	61,3	63,3	41,2	56,1	67,7	56,6	40,2	60,8	74,8	57,1	65,8	56,9	62,3	58,5	56,5	65,8	77,9	62,8	67,0	52,6	58,9	56,7	64,4	59,3	45,6	65,6	71,3	59,1	80,0	74,4	62,7	50,3	87,9	57,2	56,0	40,3	59,9	54,0	61,3	87,9	37,2	57	
58	308		B4c {cont}	Pesante (Höchste Kraft)		58	60,0	58,1	71,1	64,9	63,7	61,4	67,9	55,7	63,4	60,9	63,2	67,4	62,1	65,3	79,6	49,8	80,0	62,1	52,1	53,1	55,2	61,0	73,4	65,7	56,2	66,0	70,7	74,2	61,5	61,5	62,7	47,2	48,6	53,0	64,1	53,5	62,8	57,6	60,5	62,3	47,9	63,3	79,6	50,5	42,9	41,4	54,1	69,3	45,1	55,7	58,6	78,7	54,2	56,0	65,6	78,8	57,9	68,3	45,0	49,5	61,7	56,9	71,5	52,5	50,5	67,5	65,6	62,0	74,9	59,7	40,9	65,7	60,5	66,0	69,9	50,9	53,6	70,9	57,3	65,0	49,7	61,5	62,3	51,7	72,2	56,7	61,7	54,8	59,9	56,0	56,0	36,6	52,1	60,2	47,3	57,7	53,3	54,1	53,5	41,3	52,8	77,4	63,3	56,1	60,0	61,0	47,3	49,0	54,8	66,6	65,9	63,2	56,3	65,0	69,5	60,0	48,7	62,2	57,5	56,1	58,9	58,4	58,5	59,4	79,6	36,6	58	
59	310		B4c {cont}	a tempo		59	108,0	118,1	128,6	101,7	116,1	118,5	91,3	109,4	121,4	107,0	106,0	96,0	106,1	104,7	124,2	98,6	96,0	100,1	99,7	103,5	94,7	100,6	129,7	108,0	97,0	98,3	131,5	127,0	87,5	107,5	92,5	107,1	126,8	78,5	111,9	126,7	98,6	95,7	93,1	95,8	84,5	104,5	109,3	81,5	91,7	106,9	86,9	104,8	78,4	99,1	110,7	109,3	90,9	82,9	89,6	106,7	110,9	101,4	100,0	103,2	96,4	108,1	113,5	101,2	92,4	109,6	100,5	103,9	103,6	89,9	91,5	107,5	111,7	104,5	122,8	115,0	113,4	110,6	85,6	111,1	95,0	94,6	105,6	113,6	116,0	111,2	118,5	107,1	100,5	115,9	113,0	86,3	92,7	106,4	110,4	119,7	91,4	105,1	129,6	87,2	93,5	136,2	88,5	105,2	116,9	112,1	92,0	109,3	114,3	127,6	118,1	117,2	110,4	110,9	136,4	130,2	105,3	127,6	97,9	100,9	96,3	108,8	117,0	105,8	136,4	78,4	59	
60	312		B4c {cont}	Stringendo		60	120,0	147,7	145,7	113,1	127,3	119,2	96,8	125,7	123,6	117,9	113,2	100,7	114,9	104,9	127,6	120,7	116,0	114,7	110,5	117,9	99,4	110,6	132,9	118,7	109,8	115,1	138,1	127,8	97,2	107,5	89,4	135,3	141,9	90,1	122,4	146,3	109,0	108,4	100,5	114,8	105,9	116,6	113,0	90,4	126,8	139,1	104,9	116,5	96,7	102,7	114,7	115,3	97,1	90,6	105,6	111,6	119,1	110,8	128,9	128,4	117,8	129,1	123,2	106,6	101,1	120,2	125,5	103,4	113,8	110,0	122,7	109,0	122,3	112,8	119,8	131,4	120,9	116,2	104,9	113,5	98,9	106,0	113,9	128,9	126,4	121,8	129,4	116,9	103,4	128,4	137,8	99,0	100,5	121,5	124,6	129,9	112,1	129,4	143,2	102,3	106,6	138,6	102,8	121,6	142,9	117,8	100,3	118,5	126,5	136,1	127,1	141,6	122,3	125,8	142,8	138,7	117,6	130,5	115,0	114,5	109,4	117,3	117,5	117,5	147,7	89,4	60	
61	314.3		B4c {cont}			61	126,0	98,1	138,7	95,3	98,1	90,3	91,0	110,8	100,3	96,7	93,6	90,2	83,0	78,1	107,6	97,6	120,0	96,8	86,3	94,2	75,6	82,7	101,0	107,7	95,9	84,1	94,4	81,2	108,2	83,9	74,7	112,5	136,1	78,7	110,6	130,4	92,1	76,0	92,2	101,7	88,6	99,9	100,7	84,0	105,8	108,6	87,8	102,2	78,8	66,7	100,1	100,6	66,5	83,2	90,7	98,9	101,4	91,3	98,4	96,7	89,7	120,3	100,8	77,9	94,2	111,2	110,3	72,8	90,6	92,4	89,5	89,1	89,3	98,9	104,4	76,8	109,2	101,9	90,3	99,1	84,8	92,8	96,0	107,9	105,1	112,7	108,6	97,2	81,7	97,7	67,9	83,2	97,0	109,0	85,9	115,4	98,3	110,9	117,2	90,0	81,8	126,1	80,2	104,4	124,7	109,9	83,9	90,5	125,1	127,9	105,5	119,6	96,7	114,2	90,2	118,9	103,1	130,5	109,5	103,0	97,2	87,2	90,4	97,6	138,7	66,5	61	
62	316	C4	X4/C4a	Einhaltend		62	108,0	82,8	110,3	79,8	78,8	75,1	74,3	98,0	81,7	75,9	69,1	77,1	64,6	68,7	80,5	89,1	108,0	72,7	71,2	84,3	74,9	73,1	83,2	81,8	70,8	82,7	74,3	75,4	72,3	72,8	70,0	88,2	105,3	68,1	87,4	115,2	77,0	67,6	75,5	89,2	76,6	76,4	76,1	74,2	76,3	89,2	74,5	93,7	73,7	71,3	73,3	73,2	68,6	72,3	77,2	73,3	77,0	79,0	85,6	84,5	70,6	78,5	81,4	71,7	77,6	104,7	88,3	68,7	74,6	73,9	68,9	79,7	79,1	85,2	88,6	68,4	92,2	82,5	76,6	80,0	52,4	73,7	72,7	79,6	78,5	85,1	89,4	80,8	67,8	72,2	64,1	71,7	69,1	82,2	66,6	82,9	74,5	72,5	80,6	66,9	71,0	85,0	70,5	73,4	87,0	87,8	73,7	72,7	99,5	103,7	90,2	85,3	76,6	88,3	83,6	84,2	83,4	109,1	78,3	84,2	80,8	71,3	76,7	79,1	115,2	52,4	62	
63	319		C4b	Rit.		63	88,0	87,2	79,8	76,4	69,9	66,2	70,4	79,5	79,7	67,7	71,3	80,1	65,0	65,7	69,1	80,0	100,0	65,7	70,8	73,6	73,4	77,9	75,5	78,0	67,9	79,5	72,2	67,8	73,3	63,7	62,3	77,3	68,2	62,2	71,0	89,9	70,3	69,8	67,4	78,4	73,5	69,7	71,4	62,5	69,1	80,7	69,6	80,5	64,0	70,9	68,2	65,3	71,3	66,3	73,5	63,2	69,2	72,3	76,8	76,2	62,3	66,2	75,8	65,1	68,7	86,8	72,1	65,7	64,9	60,6	64,2	75,0	66,3	81,1	71,2	62,0	82,5	70,0	63,7	69,3	61,2	66,8	64,5	77,2	74,6	80,0	78,9	83,2	59,4	67,4	67,2	64,3	61,0	72,5	58,8	65,9	64,9	69,9	65,2	57,3	65,9	69,4	64,9	71,3	80,2	85,5	70,0	66,6	83,5	54,5	78,6	79,5	73,9	76,6	86,2	70,5	70,6	98,8	74,2	67,1	64,7	70,2	72,2	71,3	98,8	54,5	63	
64	320.4		{upb}			64	88,0	56,2	59,1	55,1	56,0	58,8	48,2	59,6	68,4	53,9	43,3	52,5	57,9	52,0	52,7	60,6	100,0	50,7	59,1	57,0	53,9	46,1	45,8	59,1	62,0	63,9	64,0	62,6	51,2	49,0	50,4	57,1	32,7	59,9	54,9	57,4	39,0	29,5	43,3	64,2	60,6	48,0	56,6	40,7	55,8	49,2	44,8	77,1	41,9	43,1	59,1	42,9	46,8	46,0	51,9	45,0	54,2	42,6	64,6	53,3	45,7	51,1	54,5	44,7	47,8	55,7	62,3	52,3	55,3	45,5	38,7	49,8	50,5	66,7	44,2	34,8	49,2	50,1	47,5	47,8	46,3	42,6	56,8	50,5	46,6	59,5	53,4	54,4	55,4	47,6	57,3	39,1	49,6	51,9	34,9	51,2	43,2	50,9	43,0	42,7	46,5	72,9	50,4	49,8	66,8	53,8	49,9	54,7	54,2	57,3	75,2	67,7	53,4	58,9	53,6	49,2	42,2	67,4	53,2	49,2	51,3	62,8	44,2	52,3	77,1	29,5	64	
65	321		C4c	Gehalten		65	72,0	77,6	77,9	70,4	69,5	66,5	68,8	69,9	73,2	67,0	61,9	72,0	59,2	59,0	68,9	74,6	96,0	65,7	68,2	67,3	64,1	74,6	71,2	73,1	68,2	81,6	66,0	67,1	60,4	64,9	58,6	72,4	59,1	58,2	67,7	72,1	65,8	70,1	63,5	75,8	70,4	64,2	64,2	62,2	71,1	74,9	65,6	83,6	61,1	66,7	63,3	59,6	68,6	64,1	70,5	60,4	63,8	68,4	69,3	69,8	65,7	63,0	74,2	65,5	68,2	83,1	74,3	61,5	65,2	59,8	65,3	73,2	64,1	74,3	61,5	63,1	76,5	64,1	63,7	58,3	57,2	67,3	63,4	69,5	70,8	78,2	74,3	82,9	58,2	70,0	61,6	63,2	62,9	68,6	58,7	65,6	66,7	71,9	66,3	59,9	64,3	66,8	61,3	67,0	80,5	74,4	61,4	65,7	75,5	62,4	73,6	77,7	68,3	77,5	77,9	69,0	65,0	84,5	66,6	61,9	61,5	72,3	64,5	67,9	84,5	57,2	65	
66	326.4		{upb}			66	72,0	72,7	62,7	58,5	58,0	63,0	53,2	64,3	57,2	67,2	58,9	59,4	56,7	53,9	66,3	51,3	96,0	58,6	73,8	68,3	52,3	66,6	56,8	59,3	66,3	84,0	53,5	65,9	48,9	61,7	47,5	64,7	69,7	50,5	65,1	58,5	59,6	58,0	61,3	62,5	60,8	53,1	57,4	46,9	70,3	62,8	48,1	84,5	45,5	50,9	60,8	47,0	54,3	58,2	56,2	57,9	59,6	51,9	74,2	62,0	57,4	52,2	58,2	49,5	61,7	72,5	68,0	54,1	60,4	47,1	49,6	57,3	66,5	70,6	52,5	48,6	55,6	44,7	53,0	45,1	43,6	50,7	56,0	63,2	50,7	59,9	59,7	68,2	54,6	54,5	56,5	60,1	46,3	53,0	52,5	50,0	51,7	65,8	49,4	53,4	53,4	62,1	59,8	54,4	78,6	62,1	50,2	62,5	55,7	61,8	78,2	73,2	49,0	61,0	62,5	49,4	48,1	65,7	57,6	51,0	56,5	71,4	50,0	58,5	84,5	43,6	66	
67	327		C4d	Wie ein schwerer Kondukt		67	72,0	71,7	77,0	75,1	68,6	67,2	70,7	64,6	70,6	71,9	70,1	70,4	66,3	65,9	71,3	72,2	84,0	67,0	67,6	70,0	63,3	77,5	75,3	71,9	72,2	80,8	66,9	71,2	71,4	71,2	63,0	69,2	68,5	60,5	74,8	73,9	69,4	80,0	67,2	75,3	66,4	67,1	64,5	66,3	71,0	74,5	67,4	81,0	65,6	69,0	63,2	62,0	69,5	66,8	72,9	59,5	63,0	71,7	69,8	69,5	69,6	67,2	77,8	69,8	71,8	89,0	80,2	60,5	66,2	61,2	62,8	73,7	70,1	77,1	65,0	65,9	84,4	66,3	64,7	58,7	57,7	73,5	68,6	73,3	74,0	78,9	75,3	83,4	61,1	72,3	61,3	69,0	70,6	75,2	63,1	66,8	71,5	76,1	66,2	63,6	64,9	68,5	65,8	72,9	84,2	75,0	62,2	66,7	77,4	66,5	79,0	74,4	71,7	81,8	78,0	71,0	69,7	88,9	72,2	68,7	66,7	80,2	66,6	70,4	89,0	57,7	67	
68	336.4		C4e			68	72,0	74,7	73,4	74,5	72,3	66,1	73,6	61,1	70,0	67,5	69,1	67,1	62,3	64,7	67,9	69,1	84,0	65,9	65,2	68,4	62,1	66,9	70,9	64,7	71,0	77,5	66,9	69,5	66,7	67,0	55,7	65,9	65,6	54,2	64,3	66,5	61,9	65,6	62,0	71,3	62,7	60,5	59,5	64,2	64,8	69,6	66,7	77,6	63,8	63,4	60,9	58,6	64,2	65,6	66,5	58,4	58,7	69,8	62,8	64,1	66,2	60,2	69,8	64,4	66,9	82,3	72,4	59,9	62,7	54,3	62,1	64,0	65,3	74,3	64,5	61,1	79,1	63,0	60,4	56,9	56,6	62,2	60,2	67,0	69,2	73,3	69,1	73,6	57,2	71,7	57,3	64,2	63,8	71,1	56,4	65,8	68,9	73,5	58,2	61,3	61,9	61,9	62,4	65,2	80,7	68,4	58,8	63,3	74,3	60,9	70,8	71,9	68,8	72,9	72,2	61,8	65,4	86,0	64,7	62,6	65,1	74,9	64,6	66,1	86,0	54,2	68	
69	346.4		{upb}			69	72,0	43,2	59,9	61,5	60,1	61,5	53,1	53,5	44,6	48,4	50,4	50,5	49,3	51,0	47,4	38,6	76,0	57,2	54,3	41,5	47,6	37,2	52,1	32,8	52,3	60,7	44,3	41,1	44,6	43,8	44,4	23,5	28,3	34,5	37,0	29,0	33,6	32,3	39,1	58,9	48,1	37,9	32,5	35,0	25,3	23,8	41,8	54,3	37,8	34,1	43,5	39,2	40,7	48,8	31,7	41,2	33,0	39,6	23,8	22,2	38,6	38,9	33,0	25,6	44,0	61,5	44,4	40,9	45,1	45,0	31,1	38,7	37,5	52,0	36,4	23,0	42,5	39,7	36,7	34,7	28,4	42,5	35,6	44,7	48,3	39,0	34,5	43,7	23,9	42,1	30,5	30,9	38,3	35,2	21,6	34,3	45,0	37,8	34,0	20,1	35,1	33,8	41,6	34,0	35,7	38,0	32,3	38,0	40,9	31,4	42,5	34,8	37,0	35,2	38,8	34,2	32,7	48,4	37,8	35,1	43,9	43,8	39,3	40,0	61,5	20,1	69	
70	347	A5	A5a	Wie von Anfang		70	72,0	64,5	74,0	70,0	73,3	74,1	71,5	76,4	69,6	62,9	64,5	62,8	64,8	55,6	66,7	55,2	72,0	73,7	68,7	64,6	59,7	65,5	68,3	68,5	71,3	70,7	62,7	65,8	61,6	63,2	59,7	59,6	49,7	52,2	59,1	52,6	58,2	67,2	58,1	71,4	66,3	52,9	60,6	55,3	56,5	57,1	59,7	70,4	54,7	60,9	55,0	63,9	62,5	62,8	60,3	57,1	60,8	62,1	54,2	54,9	65,6	61,6	62,3	59,2	59,2	82,1	68,3	58,3	62,0	54,2	55,6	65,2	58,6	66,7	60,8	55,0	67,6	56,4	57,5	55,2	56,8	63,4	55,5	67,1	66,5	61,2	66,6	68,2	59,3	69,4	56,9	61,7	58,6	66,1	57,4	64,4	68,3	71,5	54,7	55,2	59,5	72,5	57,7	63,7	63,8	62,4	55,8	68,6	65,8	59,2	66,0	71,8	70,0	64,6	59,6	60,5	65,3	78,6	60,8	56,6	61,0	68,6	60,3	62,8	82,1	49,7	70	
71	350.4		A5a {cont}	Anwachsend		71	76,0	61,8	73,9	66,9	72,6	71,4	65,1	70,0	66,0	55,0	65,1	55,3	59,5	54,0	65,5	52,4	72,0	69,6	63,8	60,6	59,7	66,0	65,9	69,5	68,8	70,2	59,8	64,4	60,7	63,8	57,6	56,5	52,1	47,4	57,6	53,0	53,0	65,1	52,5	67,4	63,7	55,1	62,0	55,0	54,1	54,7	56,2	68,0	52,5	59,7	53,5	64,8	59,0	63,5	57,6	58,4	53,3	61,1	52,2	52,6	63,2	61,7	65,1	59,1	57,6	79,5	70,1	56,5	61,9	51,7	52,2	68,3	58,3	68,3	60,4	55,8	68,9	56,9	56,5	52,4	58,0	62,6	55,8	66,4	66,8	60,4	66,6	66,0	58,8	68,8	54,8	58,0	59,6	68,4	57,5	61,7	64,4	69,0	55,8	55,4	56,4	73,9	56,9	61,9	60,8	62,4	52,7	68,7	63,9	56,2	64,0	67,5	68,7	63,7	56,8	58,9	64,1	71,5	61,3	54,4	61,2	68,6	58,2	61,2	79,5	47,4	71	
72	356.3.4		A5b			72	76,0	60,9	78,7	63,5	82,7	81,2	69,0	70,8	67,5	58,8	68,1	58,4	60,0	55,4	69,0	63,2	72,0	69,8	63,6	60,6	61,7	70,3	72,4	72,6	70,1	73,2	64,4	67,4	66,6	66,6	59,9	64,8	55,0	53,5	62,9	65,4	58,8	66,9	58,2	68,1	64,0	54,8	69,0	61,1	61,6	62,5	58,7	72,3	57,8	61,8	60,4	71,8	59,3	69,7	60,1	57,7	62,2	64,9	57,0	61,6	65,2	61,7	73,3	65,8	64,5	83,8	74,6	56,1	63,9	53,7	55,9	70,7	65,3	74,0	61,5	60,1	72,1	59,3	59,9	53,3	51,8	69,3	58,9	68,8	70,0	65,0	68,2	73,4	59,3	72,3	56,8	61,6	63,0	71,1	59,1	64,8	67,8	74,0	61,5	62,6	63,9	74,9	58,8	66,6	65,8	60,5	51,3	69,6	66,8	60,2	69,5	69,3	70,6	69,9	58,9	57,8	64,0	73,0	63,9	58,2	64,0	75,5	60,2	64,8	83,8	51,3	72	
73	365.2		A5c			73	76,0	77,8	97,0	67,1	102,9	81,9	71,7	73,1	69,0	60,2	75,4	60,0	64,9	61,4	72,9	91,2	80,0	76,7	65,5	64,3	65,3	68,2	73,8	77,3	69,7	73,2	66,5	70,0	70,9	70,7	61,2	87,1	72,0	52,7	72,0	72,2	59,2	67,6	58,2	70,1	61,6	58,5	70,6	72,7	80,1	92,1	63,2	72,6	70,9	63,2	62,0	69,6	63,7	69,6	63,7	61,2	76,6	70,7	73,8	89,0	66,8	63,4	70,7	70,2	73,8	90,1	68,5	61,3	63,2	56,0	54,0	69,3	69,6	71,2	63,0	69,5	80,2	67,6	67,8	54,6	57,6	71,2	60,9	70,3	73,6	67,6	70,1	71,4	63,2	73,3	58,0	66,1	65,5	88,6	65,8	65,1	71,1	73,2	70,4	70,4	64,7	79,7	59,6	67,9	70,8	65,1	53,3	72,9	64,8	61,2	72,7	69,4	71,5	76,5	61,7	63,7	61,4	77,6	66,4	59,6	64,0	78,3	59,9	69,3	102,9	52,7	73	
74	372	B5	B5a			74	100,0	65,7	113,4	55,8	105,5	76,0	72,2	73,3	60,1	57,4	72,4	56,4	65,9	67,3	76,1	89,6	108,0	74,9	55,6	54,5	60,3	70,0	79,8	70,6	58,5	58,7	61,9	66,5	70,2	61,6	60,6	78,7	76,9	60,3	73,1	70,3	59,3	64,4	57,6	70,2	52,1	56,5	68,8	60,6	65,3	99,1	62,0	61,6	65,6	54,9	62,0	67,2	58,0	65,4	59,6	60,2	71,4	69,9	67,9	78,9	64,0	69,1	69,2	59,2	70,6	96,1	62,1	56,0	61,6	57,1	55,7	62,2	64,3	72,2	69,5	58,1	79,2	64,2	66,8	49,8	47,9	68,7	59,6	70,1	78,9	64,1	60,5	67,5	65,0	64,5	54,3	65,2	61,2	89,4	57,2	65,1	65,8	69,9	68,3	61,9	55,6	81,0	59,3	66,3	74,7	62,5	45,8	63,4	64,7	62,5	63,5	68,5	68,5	91,6	53,7	58,1	68,6	81,8	68,2	58,2	58,8	81,8	59,3	66,6	113,4	45,8	74	
75	374.2		B5a {cont}			75	100,0	53,7	105,2	52,5	101,0	80,6	70,7	72,5	57,5	52,5	71,9	53,0	65,2	61,1	67,5	51,5	108,0	65,1	50,7	53,3	56,8	68,1	70,2	63,4	55,7	52,9	57,0	57,9	75,9	63,9	56,1	50,1	66,7	61,8	77,2	60,4	53,4	56,1	50,7	66,8	50,3	54,8	64,6	54,5	40,0	52,5	50,1	52,7	54,5	52,0	52,7	62,0	55,0	57,7	62,5	82,0	62,4	65,8	48,8	49,1	62,5	65,4	62,2	53,3	57,0	88,3	60,0	54,9	59,9	50,8	56,7	52,0	63,1	69,8	64,1	56,9	77,3	63,5	67,1	47,9	51,2	68,9	57,9	69,6	77,1	62,8	55,9	58,6	64,2	67,9	50,4	56,1	63,6	85,3	54,2	63,6	63,6	69,4	68,7	60,7	56,8	75,1	60,4	65,8	71,6	58,8	43,7	64,2	62,6	57,9	56,5	68,1	65,8	83,8	47,9	61,5	65,0	81,7	63,4	54,7	57,4	74,2	59,3	61,9	105,2	40,0	75	
76	376	Episode	D	Plötzlich bedeutend langsamer (Lento) und leise / Misterioso		76	60,0	57,6	78,2	48,3	71,2	68,2	71,2	51,4	50,8	46,0	67,5	46,0	62,6	62,3	68,0	51,6	60,0	53,6	46,5	51,0	51,8	56,4	74,9	55,8	51,6	60,7	58,2	62,1	50,3	56,1	44,4	53,8	63,6	55,6	62,1	61,7	49,4	58,8	47,1	53,3	45,4	50,0	55,8	54,6	53,7	56,7	48,7	62,1	52,4	53,4	49,3	58,8	55,0	52,1	54,0	49,9	52,3	54,1	48,8	52,5	54,7	52,6	60,4	53,1	58,5	76,5	57,2	55,5	50,2	40,4	47,0	52,9	54,3	62,9	47,2	58,3	63,5	55,4	57,5	46,6	47,4	48,1	49,1	63,8	62,7	55,1	55,5	55,3	50,0	59,5	50,2	60,7	62,1	50,4	56,7	62,5	44,2	61,3	50,9	54,6	56,0	64,4	51,7	61,1	62,2	52,5	41,8	56,9	56,4	53,1	52,5	60,7	54,9	56,1	57,7	62,5	58,8	63,7	53,9	49,7	52,2	59,4	57,8	55,7	78,2	40,4	76	
77	391		B5b	Nicht mehr so langsam		77	72,0	56,7	95,5	51,5	77,4	75,6	79,3	62,8	59,7	46,3	80,2	46,3	77,1	73,6	75,5	73,4	72,0	65,8	53,4	52,1	54,8	69,8	83,8	61,9	56,3	62,6	76,7	71,5	64,3	63,2	56,9	58,3	68,9	71,0	84,4	72,4	57,3	68,7	56,6	63,6	56,9	61,0	59,3	61,8	61,0	70,9	55,5	68,1	58,8	53,2	55,0	65,1	54,7	68,9	55,5	71,6	60,7	67,0	57,1	61,8	64,6	67,0	60,1	58,1	68,0	89,6	60,5	54,2	60,5	55,0	62,0	57,6	63,7	66,6	54,7	66,8	79,1	68,8	65,0	57,0	42,0	62,7	63,9	72,7	80,7	70,3	61,4	59,7	57,9	67,9	53,9	68,7	59,3	76,0	60,7	72,7	53,4	72,8	62,5	59,0	61,8	83,0	56,8	68,1	69,1	54,3	45,8	64,3	62,7	57,1	63,7	62,7	70,5	75,6	62,3	63,4	67,6	68,9	63,8	51,7	55,6	75,6	58,3	64,2	95,5	42,0	77	
78	396.2		B5c			78	72,0	55,7	86,1	43,4	81,5	67,4	72,8	65,1	55,4	47,6	76,0	46,5	76,1	68,0	84,1	50,3	72,0	57,9	53,8	46,8	59,7	66,5	93,3	56,2	55,4	56,7	63,9	70,8	59,5	65,3	61,4	54,3	68,8	76,1	84,9	69,7	63,8	60,1	57,3	73,8	50,4	67,7	60,6	54,5	56,6	57,4	51,8	57,2	54,9	49,6	57,8	60,7	50,9	66,6	55,7	71,5	61,2	74,3	54,4	52,5	67,9	72,5	59,4	56,5	61,7	93,6	61,1	52,6	62,9	51,1	58,8	56,5	64,2	69,1	64,6	57,7	75,8	73,8	71,5	53,9	53,0	63,2	65,3	73,0	78,4	63,5	62,7	60,1	55,9	64,2	55,4	69,8	59,1	83,6	62,9	75,9	51,5	71,6	65,2	50,1	63,0	88,2	58,4	68,9	74,9	53,2	44,5	59,5	62,0	57,0	63,1	61,5	73,3	81,8	57,5	65,1	70,1	67,5	68,6	53,1	53,2	75,4	60,6	63,4	93,6	43,4	78	
79	398		B5c {cont}	Etwas belebter		79	80,0	58,3	97,7	52,7	86,7	83,4	80,3	74,1	64,5	48,7	90,3	49,1	81,5	75,1	86,0	66,1	80,0	65,4	64,6	55,0	63,7	76,3	98,2	66,0	61,3	57,1	90,6	86,3	65,9	69,4	62,8	65,6	83,0	77,0	86,4	77,6	66,2	70,0	65,0	82,9	63,2	74,9	75,5	61,1	61,8	58,2	56,1	61,4	61,9	52,3	61,1	74,2	54,7	73,1	72,8	76,0	69,2	79,9	60,6	66,6	73,0	80,2	76,4	67,2	70,2	99,0	62,8	53,0	71,2	66,9	71,7	69,0	71,0	72,8	68,7	65,3	92,6	81,3	73,2	57,5	53,4	71,4	73,7	84,6	97,2	76,0	73,0	75,1	66,5	71,3	58,9	78,0	79,7	96,5	79,9	76,3	58,1	79,3	70,7	62,5	60,0	98,9	60,6	79,2	78,1	68,7	53,5	63,0	72,9	77,5	69,3	71,0	82,2	87,1	58,6	66,9	84,0	100,2	73,3	59,9	63,6	86,2	65,8	71,7	100,2	48,7	79	
80	400		B5c {cont}	gehalten		80	72,0	52,5	63,7	44,7	70,6	79,4	66,7	64,5	51,2	46,3	59,1	87,2	54,1	53,0	59,8	52,5	76,0	59,5	53,5	48,1	54,5	62,0	71,8	56,4	51,9	55,8	59,0	58,8	56,9	55,0	50,1	47,4	49,7	59,9	69,3	60,5	46,4	54,7	46,1	64,9	59,0	61,0	65,8	52,1	45,6	45,6	54,7	61,5	48,6	51,1	51,6	59,5	51,1	55,0	62,2	65,1	52,4	58,8	45,7	45,9	57,0	60,7	64,9	52,1	54,2	84,4	53,1	51,4	49,6	57,1	53,7	59,2	54,7	60,4	48,7	50,2	72,9	59,0	58,0	45,1	42,5	57,1	55,9	73,0	75,4	59,5	55,4	58,7	48,5	57,0	51,3	50,5	62,6	55,2	50,3	62,9	45,8	58,5	48,1	43,2	49,9	67,6	50,9	66,8	62,4	52,9	43,9	54,6	54,8	51,9	60,5	57,8	59,3	58,2	51,9	53,6	55,7	85,0	57,3	55,0	53,5	56,4	56,0	56,7	87,2	42,5	80	
81	405.4	Coda	Z1	406: Schon ganz langsam, 409: morendo		81	60,0	53,3	40,4	36,1	60,6	59,0	52,6	45,8	44,1	48,8	43,3	38,0	45,5	46,2	54,3	44,0	60,0	49,2	39,5	39,6	51,3	53,8	58,2	47,6	43,9	51,6	53,7	56,8	46,7	48,0	47,6	40,8	43,7	46,4	52,8	43,8	46,0	52,4	42,4	59,3	42,7	41,1	50,8	43,1	43,4	44,5	45,3	53,4	42,9	47,1	46,2	49,0	49,2	45,9	47,6	43,6	48,8	43,7	40,8	41,4	42,2	50,6	49,4	40,4	47,8	54,9	46,6	47,7	47,7	38,8	43,3	47,3	44,5	50,4	40,4	45,1	51,1	44,8	47,3	41,1	35,8	43,1	43,9	52,8	53,7	49,9	45,5	45,4	44,6	47,1	41,8	40,2	53,3	43,4	44,8	45,0	42,2	48,9	38,3	40,1	42,6	62,3	44,5	54,2	46,5	46,9	40,6	45,2	43,2	44,6	40,8	50,5	51,9	48,1	47,2	47,6	48,3	56,0	41,8	43,1	47,6	48,7	45,0	46,7	62,3	35,8	81	
82	416		Z2	Sehr zögernd, 419: morendo		82	52,0	67,6	51,7	52,8	59,6	70,0	60,4	52,0	74,3	66,0	57,0	65,8	53,9	67,6	61,4	56,2	52,0	60,1	52,1	50,2	55,8	75,0	64,8	62,8	78,6	65,8	59,2	54,8	55,9	60,4	52,6	57,5	58,0	55,8	59,0	58,1	53,6	69,7	52,6	63,6	46,5	48,7	59,8	57,3	59,3	62,9	59,3	68,5	59,7	64,7	55,6	58,4	64,2	53,0	87,1	49,5	53,5	49,9	53,6	55,2	50,7	63,8	62,6	53,2	63,6	64,8	54,3	60,9	59,4	44,4	49,0	56,0	55,7	62,1	55,7	61,2	59,9	52,4	59,1	48,7	48,1	51,8	55,7	66,2	59,9	61,3	59,5	54,7	60,2	60,3	57,9	55,0	61,5	53,7	55,3	51,8	52,8	58,2	50,1	58,7	50,4	73,4	58,7	63,6	57,3	72,6	47,8	63,1	54,4	50,9	51,8	65,4	62,5	58,0	69,9	53,7	58,4	63,6	53,5	52,0	60,0	60,4	53,6	58,6	87,1	44,4	82	
83	423		Z3	Schwebend		83	52,0	82,5	79,9	60,1	89,4	84,8	80,0	80,5	80,6	74,4	81,0	73,5	81,4	92,9	87,3	79,6	52,0	84,3	68,5	62,9	56,1	77,4	88,1	92,4	85,6	96,3	66,1	62,9	68,7	85,4	55,5	75,7	84,8	59,2	62,2	73,2	81,5	74,0	77,3	66,8	58,2	58,7	79,2	77,5	69,2	71,7	79,7	94,1	86,6	83,9	70,6	87,3	86,2	70,6	84,0	57,4	49,7	77,2	68,4	72,6	64,9	81,5	91,6	70,5	81,9	78,5	78,3	100,7	59,4	54,6	75,2	79,2	80,4	80,7	65,7	82,0	87,2	86,6	59,8	56,2	57,2	62,1	63,8	89,6	93,6	84,4	89,7	81,5	66,6	88,1	80,6	59,9	82,4	67,2	74,9	81,9	76,2	79,5	70,3	73,4	75,0	75,1	90,2	91,0	77,4	108,9	56,8	96,3	79,0	56,5	69,9	86,5	72,1	71,2	75,8	56,0	90,2	74,6	79,6	58,7	66,4	80,4	68,0	75,9	108,9	49,7	83	
84	431.x		{fade/o}	molto rit.		84	46,0	85,4	58,5	53,5	72,1	90,1	60,3	71,5	70,6	70,1	59,1	69,7	64,9	83,2	75,5	69,5	46,0	73,1	54,1	51,6	51,8	66,1	74,8	69,2	68,7	80,8	53,4	63,0	67,6	67,2	48,6	69,1	74,9	48,8	60,8	60,9	70,3	65,3	64,3	59,3	53,9	48,3	61,1	62,2	52,5	53,8	68,4	80,8	71,9	67,3	54,8	67,2	75,5	70,8	65,8	51,7	46,7	68,2	50,2	55,8	49,4	76,9	60,4	57,6	64,1	66,7	57,5	87,8	54,2	47,6	56,3	67,7	70,9	65,8	63,7	70,9	63,5	61,4	57,5	52,9	53,4	53,4	46,0	81,9	77,3	77,4	92,9	59,8	51,2	68,1	50,6	41,2	74,9	50,2	68,5	68,3	63,6	59,8	52,3	56,2	65,7	51,0	73,7	72,2	47,0	90,8	52,9	66,1	68,5	51,7	51,8	62,7	60,8	46,7	59,9	44,8	71,1	57,7	56,1	50,6	57,6	55,9	52,4	62,9	92,9	41,2	84	
85	433.4.2		{upb}			85	46,0	52,2	58,7	45,0	34,2	79,5	28,5	31,0	47,3	36,9	40,7	32,4	22,7	32,6	37,6	36,8	46,0	58,7	23,5	41,7	36,3	54,4	55,9	29,2	49,7	59,4	24,9	29,8	53,8	51,9	37,9	37,3	17,9	27,7	34,0	28,4	36,8	31,9	31,4	38,0	33,5	27,1	50,9	45,7	33,8	27,4	35,6	47,6	26,7	24,1	44,4	77,9	30,8	39,6	34,0	27,9	28,6	27,1	33,9	30,6	38,3	28,9	34,5	32,3	60,9	46,2	28,8	23,8	44,0	30,6	31,7	34,6	43,7	43,4	23,0	33,9	36,6	33,3	39,8	30,9	27,9	28,9	27,0	29,9	32,8	35,2	33,4	45,3	43,1	31,9	42,7	38,1	34,6	26,6	21,6	32,8	37,9	43,1	32,1	23,7	30,9	29,8	28,3	30,8	27,4	30,2	26,9	38,5	62,3	29,7	29,5	53,5	53,8	38,5	51,2	24,5	33,7	37,6	42,1	45,7	37,8	32,8	41,8	37,0	79,5	17,9	85	
86	434	A6	A6a	Wieder a tempo (aber viel langsamer als zu Anfang)	6/4 (443)	86	64,0	61,8	61,6	49,4	65,1	60,6	57,3	63,7	51,2	56,5	50,1	56,5	44,5	50,7	56,6	45,9	64,0	58,5	51,5	47,1	50,2	58,8	59,7	52,0	53,2	66,9	54,2	55,1	52,5	55,0	48,8	49,7	45,5	50,1	51,0	45,7	50,6	58,8	48,4	60,4	48,5	40,8	52,5	45,3	44,3	48,1	47,0	61,5	46,8	52,6	50,6	57,6	53,7	38,8	49,8	50,0	47,9	48,0	44,5	47,7	52,6	50,8	53,6	48,7	54,0	63,3	52,2	47,4	53,5	40,0	43,1	53,7	56,9	54,6	42,5	48,7	54,4	42,9	56,3	46,5	39,7	47,1	47,7	52,2	48,7	53,7	52,3	55,2	45,7	54,1	48,9	47,1	49,1	44,4	47,6	53,0	42,5	54,2	43,3	46,0	47,9	59,9	49,5	52,4	55,1	56,8	43,0	52,4	49,2	47,6	49,4	61,9	58,0	41,6	52,1	47,7	52,1	52,9	47,9	51,7	48,7	54,8	46,0	51,2	66,9	38,8	86	
87	444		{fade/o}	Zögernd	4/4	87	64,0	68,9	58,2	46,2	60,9	63,1	59,2	60,2	52,5	62,2	58,7	61,7	54,5	61,3	61,2	48,5	64,0	55,1	50,3	53,7	49,6	55,5	65,9	53,6	57,1	76,0	54,1	54,3	54,9	57,1	43,7	52,8	51,8	49,3	52,3	48,9	50,7	54,8	48,0	57,2	44,5	47,7	51,9	47,4	45,8	50,3	52,4	70,6	47,2	54,6	53,5	57,5	53,5	60,1	54,8	48,1	46,6	50,8	44,3	46,8	49,4	47,3	51,9	48,2	54,8	62,9	51,8	52,5	54,4	46,5	46,1	56,5	61,8	55,3	55,4	54,9	55,1	45,4	54,2	49,3	49,5	54,0	52,2	55,1	48,4	54,7	57,9	53,4	48,7	57,1	50,9	50,1	51,4	43,1	51,9	48,7	47,9	52,7	46,0	54,0	51,3	51,1	52,4	53,2	52,0	60,5	46,3	55,3	50,6	49,9	46,5	59,0	55,6	43,3	65,1	52,1	56,5	58,2	50,3	57,9	52,3	56,5	50,5	53,4	76,0	43,1	87	
88	453		{fin_ch}	450/1: morendo		88	54,0	63,4	53,2	34,7	61,6	75,8	57,3	36,7	45,8	65,4	59,5	68,9	48,9	43,7	60,2	41,1	54,0	48,2	64,8	60,3	48,9	54,1	53,0	38,8	61,6	77,5	70,6	64,4	73,3	52,2	46,5	62,8	51,3	45,4	55,6	43,8	34,7	62,7	33,9	58,4	40,0	47,1	44,3	48,7	49,7	73,9	52,1	68,7	61,3	45,1	42,2	57,3	52,0	46,6	42,7	37,4	34,4	46,1	54,5	65,2	38,9	45,7	40,8	45,0	49,7	61,2	62,4	62,8	62,0	49,1	42,2	40,9	65,5	39,4	41,6	55,1	54,4	53,0	43,3	48,7	40,1	55,4	38,6	41,2	57,4	47,3	40,3	49,4	50,7	49,1	38,5	37,3	46,3	47,3	42,8	52,3	51,3	53,9	47,7	36,9	48,7	50,0	54,7	43,4	44,3	63,8	47,3	44,6	46,3	42,6	74,2	44,4	54,3	38,7	50,6	39,3	51,1	42,3	47,7	58,7	55,7	49,5	61,1	51,0	77,5	33,9	88	
89	454.2			454: Fermate																																																																																																																																		
						mean tpo seg	79,0	74,1	89,8	64,3	79,8	75,6	69,5	72,3	73,1	67,2	74,0	62,8	70,8	69,9	74,6	64,8	79,0	68,4	62,7	63,5	63,9	71,1	78,4	66,9	67,6	73,4	73,3	73,6	65,5	67,7	60,1	66,8	65,1	56,2	69,8	69,2	60,0	67,9	58,1	73,0	60,2	62,7	67,7	58,9	63,4	66,5	63,0	72,7	58,4	62,3	61,2	70,9	63,0	62,3	64,3	63,0	64,6	66,2	62,0	63,0	64,5	68,3	71,7	62,7	64,8	83,3	67,8	63,4	68,0	58,8	58,6	65,6	68,1	71,2	67,7	67,2	73,8	65,5	62,2	58,7	56,1	64,0	62,8	71,3	73,2	67,7	70,5	68,0	63,4	70,3	61,0	59,9	65,1	71,5	64,6	69,2	63,0	71,0	68,1	57,4	61,7	72,6	59,4	68,2	69,2	68,8	52,6	67,9	69,6	65,4	66,7	72,1	71,5	71,9	68,9	66,9	65,5	76,4	68,3	61,5	62,3	71,1	65,3	66,9	89,8	52,6		

