segment no.	mm	section	segment	tempo (score)	meter	duration	Walter 1938	Scherchen 1950	Horenstein 1952	Rosbaud 1954	Kletzki 1954	Ludwig 1959	Mitropoulos 1960a	Horenstein 1960	Mitropoulos 1960b	Barbirolli 1960	Walter 1961	Barbirolli 1962	Barbirolli 1964	Kondrashin 1964	Bernstein 1965	Ančerl 1966	Horenstein 1966a	Horenstein 1966b	Klemperer 1967	Kubelík 1967b	Kondrashin 1967	Solti 1967	Horenstein 1967	Neumann 1967	Szell 1968	Szell 1969	Abravanel 1969	Haitink 1969	Klemperer 1970	Bernstein 1971a	Maderna 1971	Boulez 1971	Boulez 1972	Maderna 1972	Giulini 1975	Kubelík 1975	Giulini 1976	Zender 1977	Morris 1978	Levine 1979	Sanderling 1979	Tennstedt 1979	Bernstein 1979a	Bernstein 1979b	Karajan 1980	Neumann 1982	Tennstedt 1982b	Karajan 1982a	Solti 1982b	Sanderling 1982	Karajan 1982c	Asahina 1983	Wakasugi 1983	Maazel 1984	Doráti 1984	Bertini 1985	Bernstein 1985a	Bernstein 1985b	Inbal 1986	Abbado 1987	Sanderling 1987	Haitink 1987	Tennstedt 1988	Rögner 1988	Ozawa 1989	Pešek 1990	Gielen 1990	Tabakov 1991	Segerstam 1991	Sanderling 1992	Haitink 1993	Barshai 1993	Sinopoli 1993	Rattle 1993	Masur 1994	Waart 1995	Boulez 1995	Maazel 1996	Sinopoli 1997	Dohnányi 1997	Levine 1999	Abbado 1999	Jansons 2000	Paternostro 2001	Ashkenazy 2002	Ozawa 2002	Gielen 2003	Haitink 2004	Chailly 2004	Tilson Thomas 2004	Schwarz 2006	Barenboim 2006	Rattle 2007b	Gilbert 2008	Nott 2008	Salonen 2009	Järvi 2009	Oue 2009	Haitink 2009	Norrington 2009	Zinman 2009	Abbado 2010	Gergiev 2011	Ashkenazy 2011	Maazel 2011	Haitink 2011b	Schønwandt 2012	Dudamel 2012	Chung 2013	Chailly 2013	Fischer 2013b	Stenz 2014	Sladkovsky 2016	Harding 2016	Jansons 2016	Noseda 2017	Netopil 2018	Levi 2018	Blomstedt 2018	Fischer 2019	Currentzis 2019	mean	mean sec	
1	1	A1	X1	Andante comodo	4/4		21,99	16,78	23,00	20,78	24,71	19,63	17,96	21,58	23,57	24,73	18,86	24,07	22,48	20,62	22,42	22,27	23,58	22,48	22,40	22,49	20,99	21,77	22,19	19,03	19,59	19,46	23,65	23,51	22,80	22,52	26,93	25,86	24,73	27,87	24,16	24,21	24,02	19,32	18,95	24,21	26,63	22,93	23,34	23,90	26,17	19,88	23,53	20,86	24,21	24,24	21,22	21,81	24,19	24,47	20,82	21,98	24,05	25,29	23,18	21,76	22,81	24,87	20,94	17,78	23,12	22,23	22,25	25,43	27,67	23,64	23,50	19,77	19,93	25,49	21,94	25,13	25,41	25,77	24,83	25,00	21,75	21,86	25,40	23,82	21,70	22,90	22,26	21,69	30,13	24,09	21,67	22,89	26,66	25,02	25,39	21,24	27,65	22,13	22,90	23,88	25,18	23,97	23,10	21,47	27,37	20,32	23,65	23,75	25,28	21,57	20,59	22,73	25,66	22,41	22,99	19,16	23,98	25,36	22,47	22,77	21,38	23,01	23	
2	6.4		A1a				45,58	34,96	48,25	39,87	43,65	41,12	38,66	40,54	51,67	47,83	50,61	50,00	49,53	43,94	51,40	43,15	46,32	46,17	46,42	46,39	42,12	47,80	43,85	42,25	41,58	42,31	48,52	48,99	47,47	51,93	60,38	56,43	51,50	59,20	55,23	49,56	56,58	40,89	43,03	54,31	51,96	56,55	53,21	54,13	53,24	42,96	53,70	46,80	50,12	48,82	42,80	46,74	51,86	49,70	46,51	48,35	53,91	59,44	49,59	46,74	45,67	52,38	50,86	36,43	48,65	47,03	44,92	58,21	56,87	47,28	50,42	42,36	47,18	53,35	44,00	51,64	52,72	48,55	54,73	52,04	50,12	48,65	49,89	54,59	47,72	52,52	48,93	45,21	59,04	52,07	50,33	46,42	54,11	48,60	54,03	45,29	57,52	50,60	49,39	48,53	54,20	49,36	49,66	48,72	61,61	44,06	51,19	54,95	55,11	43,85	40,62	48,21	52,53	48,67	47,47	39,64	48,12	55,39	45,16	45,41	48,63	49,00	49	
3	17.6		A1b	17: morendo (Vc.)	6/4 (17)		45,12	29,58	43,66	33,70	35,73	38,65	33,96	36,05	44,48	39,89	47,24	43,63	44,08	38,96	44,74	37,59	39,73	42,89	41,42	37,35	37,05	42,93	38,80	36,91	36,77	35,88	41,70	41,05	41,18	42,14	55,43	48,76	41,71	45,51	49,05	39,36	48,90	36,22	40,15	44,27	42,65	48,85	44,65	43,78	46,36	37,24	48,18	42,12	41,85	38,59	38,56	40,42	45,68	44,09	39,61	43,17	45,13	50,27	41,44	38,55	36,37	44,24	42,27	30,75	42,88	40,87	38,29	51,79	50,52	39,34	44,08	35,86	39,88	45,64	39,41	43,92	41,72	45,75	46,83	44,00	43,02	41,74	39,90	45,59	41,13	45,17	42,00	37,35	46,35	43,08	42,74	40,57	46,34	41,01	46,65	38,18	47,48	43,78	43,86	42,76	46,16	42,97	42,65	43,89	57,55	38,56	43,60	46,30	47,74	38,71	34,91	39,57	45,83	41,33	42,42	34,91	40,47	48,87	42,31	38,91	43,72	42,21	42	
4	27.1.x	B1	Y1		4/4 (18), 6/4 (26)		8,77	5,00	8,39	5,53	6,59	7,65	6,70	7,26	7,89	6,39	9,19	7,06	7,49	7,15	6,97	7,38	8,22	9,56	7,55	6,90	6,84	7,20	8,00	7,90	6,27	6,47	7,79	7,55	7,07	7,78	8,18	9,96	8,83	6,91	9,59	6,88	10,39	6,73	7,40	8,28	7,39	8,80	8,49	8,60	8,88	7,56	9,43	8,39	8,18	7,38	8,24	7,61	8,64	8,76	7,08	8,11	8,34	9,51	7,80	7,14	6,74	8,64	7,60	5,73	8,74	7,81	7,41	8,48	9,58	7,64	8,03	6,62	6,60	6,69	6,84	8,06	9,05	8,68	8,99	7,85	8,35	7,17	6,60	8,66	7,66	9,24	7,17	7,13	9,24	8,16	7,43	6,43	8,08	7,14	8,98	7,70	7,41	7,99	8,27	8,36	8,97	7,73	7,33	8,49	9,75	7,27	8,01	8,99	8,87	7,29	6,27	6,75	7,36	7,85	8,02	6,55	7,50	9,42	7,56	7,22	7,65	7,82	8	
5	29		B1a		4/4		59,20	33,19	59,10	37,32	44,34	55,74	46,34	47,01	51,72	40,58	62,69	46,60	46,45	49,76	58,96	51,56	58,37	59,30	54,01	49,12	49,09	52,91	54,09	51,78	43,21	46,34	55,92	51,93	54,51	55,87	54,99	67,94	53,15	48,04	64,06	52,26	68,03	49,11	57,89	56,39	53,06	66,98	55,87	56,30	59,76	54,81	67,53	59,36	63,61	50,58	58,26	57,14	62,75	61,63	51,24	55,67	59,40	59,78	57,44	52,42	48,63	56,31	58,49	43,16	55,92	60,52	51,96	62,47	62,30	55,97	52,97	49,00	50,26	48,79	46,23	56,93	59,48	65,77	61,48	59,07	55,89	50,27	46,27	56,14	53,97	57,29	53,28	50,38	63,49	60,28	57,63	46,43	54,65	52,70	61,95	46,79	48,87	62,76	59,46	47,71	63,05	52,31	52,41	59,69	85,04	51,96	60,62	59,24	59,72	55,17	45,60	46,31	49,40	49,80	50,60	49,00	51,70	70,97	58,42	48,12	58,62	54,81	55	
6	44.2		B1b (fanf)				7,07	3,39	7,54	4,01	5,69	6,17	5,07	6,19	6,60	4,77	7,10	5,54	5,32	5,03	8,08	5,51	7,37	7,28	6,20	5,37	5,37	5,58	6,85	5,75	5,02	5,84	6,76	5,60	6,63	8,15	5,01	7,73	5,43	4,33	7,10	5,53	7,39	4,77	7,05	6,79	5,58	7,75	7,62	7,92	6,90	6,82	7,98	6,58	6,89	5,61	6,69	6,78	5,87	7,65	5,78	6,65	7,03	7,36	6,73	6,00	5,29	6,16	6,62	4,92	5,59	6,69	5,67	6,69	6,76	5,98	5,95	5,74	6,08	6,58	4,95	6,39	6,78	7,89	7,25	6,31	6,56	5,23	5,01	6,66	6,02	6,29	5,61	5,88	6,89	6,61	6,03	5,07	6,66	5,79	7,12	5,15	5,44	7,16	7,45	5,49	6,85	5,51	5,35	7,11	9,64	6,31	7,08	6,65	7,11	6,15	4,88	4,92	4,25	5,74	5,98	5,30	5,39	8,22	6,38	5,59	7,27	6,25	6	
7	46			Rit.	6/4 (46)		5,05	3,36	6,15	3,33	4,25	5,35	4,36	4,37	5,27	4,06	5,19	4,70	4,70	4,34	5,76	4,92	5,57	5,49	4,58	3,90	4,33	5,64	5,11	4,70	4,39	4,81	5,02	4,83	4,09	6,35	5,31	6,34	4,12	5,19	5,63	4,58	5,75	4,12	5,28	5,85	5,08	6,38	6,06	6,56	5,10	5,90	6,48	5,18	6,34	5,30	5,47	5,24	5,48	6,12	5,60	5,42	6,93	6,21	5,56	4,74	4,84	5,97	5,74	3,70	4,64	5,56	4,89	5,63	5,68	5,22	5,62	4,47	5,11	6,36	4,21	5,29	5,87	6,94	7,46	5,16	5,51	4,51	4,67	5,67	5,79	4,94	5,47	5,06	6,17	6,01	4,95	4,97	6,21	5,07	5,94	4,92	4,50	5,76	7,05	5,02	5,83	5,32	4,38	5,57	7,68	5,60	5,97	5,79	6,69	5,07	4,17	4,65	5,12	5,15	5,27	4,62	5,10	6,13	5,71	4,59	7,20	5,32	5	
8	46.6		{upb}				1,70	0,75	1,90	1,86	0,99	1,59	1,54	1,81	2,06	1,07	1,48	1,64	1,67	1,27	2,16	1,40	1,45	1,54	1,47	1,76	1,22	2,11	1,34	1,03	1,15	1,15	1,07	1,31	2,51	1,67	2,21	1,90	2,54	1,79	1,99	1,81	2,30	1,31	1,69	1,74	1,71	2,02	2,18	2,32	1,82	2,07	2,45	2,01	1,69	1,54	1,67	1,33	2,79	1,88	2,11	1,79	1,88	2,17	1,77	1,66	1,75	1,86	1,83	1,57	1,69	2,25	1,56	1,75	2,23	2,07	1,52	1,76	2,01	2,33	1,58	1,89	2,04	2,51	2,75	1,83	1,88	2,01	1,54	1,13	2,32	2,62	2,12	1,90	1,84	5,26	1,74	2,46	2,53	2,18	2,36	1,54	2,04	2,63	1,64	2,12	2,28	1,43	1,63	2,21	3,10	1,50	1,78	2,05	2,75	1,61	1,85	1,74	1,55	2,71	2,30	1,14	1,82	1,56	1,99	1,72	2,87	1,88	2	
9	47	A2	A2a	a tempo	4/4 (47)		26,56	17,70	24,03	20,59	22,54	25,85	20,91	19,29	26,32	22,71	28,61	25,25	25,41	24,48	26,60	25,27	23,56	24,03	27,65	24,37	24,05	23,63	22,60	24,88	22,07	21,99	27,68	23,54	27,41	23,39	28,85	32,50	25,93	22,51	29,02	23,96	30,41	23,21	28,93	28,82	24,92	29,14	25,19	24,36	29,32	24,64	30,48	27,22	28,14	23,53	27,62	26,11	29,09	28,48	26,43	25,68	26,59	26,11	26,05	24,12	22,02	23,81	26,17	20,84	24,87	26,80	24,51	31,94	29,20	23,93	23,65	23,34	26,12	26,05	21,41	27,07	27,89	31,60	30,06	26,23	27,31	24,29	22,57	26,66	23,47	25,93	26,73	21,82	28,62	26,69	26,96	21,62	26,35	25,30	26,73	22,91	24,18	27,13	27,35	26,88	28,37	25,64	24,03	27,46	36,25	24,01	26,97	27,36	26,67	24,49	20,58	22,87	25,91	24,26	24,77	23,08	24,11	32,26	26,27	22,66	28,36	25,65	26	
10	54		A2b				11,54	6,81	9,73	7,79	9,12	10,29	8,81	8,26	9,92	8,09	11,98	9,10	9,25	9,97	9,82	10,32	9,98	10,17	10,85	9,95	9,73	9,88	9,77	10,38	8,87	9,03	11,02	9,49	11,07	10,10	10,95	12,52	10,18	10,63	13,51	9,91	13,65	9,32	10,91	11,34	10,86	11,17	10,95	10,16	11,54	9,92	11,32	10,74	12,16	9,43	10,70	10,42	11,01	11,83	10,33	10,18	11,88	12,01	10,46	9,49	9,11	10,71	10,06	7,84	10,18	10,85	10,22	13,29	11,91	10,34	9,53	9,33	11,24	10,24	8,45	10,73	11,12	13,29	12,94	11,10	11,06	9,57	9,37	10,68	8,58	10,84	11,35	8,66	11,10	10,98	10,20	8,70	10,24	10,59	10,40	9,02	9,70	11,30	11,09	9,32	11,77	9,98	10,03	10,00	15,56	9,70	10,63	11,52	11,06	9,66	8,66	9,61	10,80	9,78	9,21	9,63	9,46	13,26	11,08	9,47	11,54	10,40	10	
11	56.4		A2c				26,68	16,53	25,66	20,71	22,94	27,45	23,63	20,37	26,72	20,57	29,75	23,14	24,05	25,48	27,39	25,52	23,64	25,09	26,63	23,06	24,38	23,85	23,61	25,76	22,51	22,46	26,84	24,12	28,63	27,19	27,57	32,82	25,43	24,41	32,71	23,75	34,31	23,98	28,73	28,20	26,50	28,30	27,69	26,86	28,26	24,80	30,85	27,87	30,86	23,58	26,96	26,91	28,01	30,00	25,92	27,29	28,61	29,45	26,63	26,18	23,49	25,97	26,21	20,31	26,88	28,39	25,35	32,79	31,23	26,05	24,30	22,39	26,45	25,92	22,19	27,17	28,05	32,83	29,94	27,32	28,74	24,51	22,95	27,59	22,86	28,17	26,89	22,15	29,60	29,16	28,25	20,60	26,66	26,31	28,78	23,12	23,44	31,86	27,25	22,88	29,73	25,69	24,30	25,81	39,92	24,88	27,00	30,35	27,79	25,52	24,22	24,97	25,91	25,64	24,42	23,58	24,24	33,23	27,78	23,17	29,96	26,37	26	
12	63.4		A2d				27,61	17,77	29,48	23,36	22,05	29,32	24,31	23,49	28,49	23,22	32,55	28,30	27,45	28,69	30,00	27,94	27,53	28,93	28,52	27,02	27,23	26,74	26,60	28,43	23,61	24,03	28,00	27,18	30,14	27,43	31,04	35,91	28,37	28,53	35,35	28,16	36,12	25,97	32,60	30,00	28,27	32,59	28,42	26,81	32,94	28,49	33,48	30,27	35,72	24,81	30,19	27,89	31,59	31,58	28,24	28,62	30,33	30,63	28,54	28,07	24,39	28,83	28,90	22,26	29,64	32,86	28,09	35,69	34,66	26,55	27,81	24,79	28,12	29,23	24,12	30,70	31,77	37,79	37,07	30,74	29,87	27,16	26,81	29,35	27,03	30,93	30,36	24,56	31,86	33,18	31,96	23,00	30,01	29,41	31,04	26,54	29,29	33,94	31,82	28,56	31,56	28,67	28,08	29,46	48,57	27,58	31,48	33,05	31,62	27,06	25,31	28,10	28,52	30,29	28,38	25,51	27,55	36,86	30,80	24,45	33,70	29,19	29	
13	71		A2e		3/4 (76)		31,25	18,63	29,34	27,11	26,45	32,26	26,12	25,37	30,15	25,69	36,29	30,54	29,91	30,87	32,33	27,39	30,00	31,62	32,58	31,16	29,97	32,65	28,88	29,87	26,38	27,31	32,42	29,37	34,10	31,79	39,64	41,23	33,71	34,84	36,41	33,00	39,05	28,63	35,08	32,00	33,32	35,90	30,82	32,34	34,77	29,20	36,98	32,98	37,56	28,31	32,67	30,83	34,52	37,43	32,68	30,88	36,62	36,18	33,08	29,54	28,30	33,04	31,95	23,19	31,27	33,82	30,74	38,64	38,74	30,30	30,57	27,52	31,88	33,38	27,07	33,71	35,49	41,14	38,04	32,37	32,05	28,43	29,52	32,48	31,16	32,46	33,08	25,38	33,91	36,43	31,64	26,04	33,24	31,60	35,49	28,13	33,71	36,74	34,58	32,03	34,26	30,00	33,17	33,76	47,57	29,47	33,19	35,86	32,96	30,12	26,82	31,79	32,82	31,73	30,12	26,74	29,70	38,15	33,72	27,39	36,44	32,09	32	
14	78.4		{fade/o}		2/4 (79)		3,44	2,25	3,19	3,40	2,80	3,99	3,60	3,20	3,14	2,89	3,36	3,39	2,77	3,94	3,67	3,70	3,36	3,18	4,00	3,83	4,28	3,07	3,12	3,45	2,96	2,76	3,17	3,29	3,86	3,72	4,87	3,95	3,89	4,42	4,65	3,96	4,58	3,52	3,71	3,27	3,44	4,17	3,55	3,71	3,85	3,12	4,13	4,41	3,16	2,95	6,31	4,01	3,58	5,37	4,45	3,11	3,18	3,80	4,12	3,39	3,03	3,41	3,34	2,86	3,84	3,29	2,81	3,53	5,54	3,38	3,00	3,18	3,74	3,57	2,82	4,14	4,25	4,97	4,63	3,82	3,53	3,18	2,83	3,53	3,96	4,39	3,77	2,67	2,97	4,56	3,59	3,00	3,58	3,60	3,41	4,12	4,06	4,83	3,57	4,03	4,04	3,19	3,21	4,14	5,43	2,90	3,32	3,69	3,89	2,97	2,77	5,22	5,42	3,59	3,32	3,06	3,50	3,45	3,63	4,23	4,12	3,68	4	
15	80	B2	B2a	Etwas frischer	4/4 (80)		15,30	11,92	17,11	13,59	15,72	18,13	17,41	16,21	17,50	15,49	19,48	15,65	15,79	17,09	17,21	17,55	18,67	19,39	18,03	16,44	15,51	17,29	18,25	16,32	14,51	15,09	17,87	15,33	17,52	16,81	20,10	22,21	18,58	17,87	19,85	16,13	20,64	15,09	17,68	17,97	16,36	17,20	16,58	16,94	18,88	17,43	21,32	17,30	19,56	15,75	17,60	20,43	16,46	19,12	17,45	20,13	17,48	17,18	18,44	15,80	14,84	14,99	17,67	13,90	16,43	16,71	15,59	19,72	18,54	16,37	15,08	17,25	16,35	14,94	15,11	17,24	20,46	22,85	21,66	18,52	17,82	14,67	16,11	16,77	14,43	16,81	16,30	15,22	18,68	16,63	17,89	13,94	15,05	15,09	16,40	15,75	13,68	19,95	17,63	15,51	19,23	15,41	16,74	15,87	24,85	15,56	15,51	16,45	16,07	17,27	15,29	16,01	14,65	15,49	17,83	15,53	15,22	20,31	16,98	15,73	15,68	17,04	17	
16	86		B2b	Fließend			11,38	9,45	12,94	10,76	11,90	14,00	14,33	11,97	12,53	11,58	15,88	12,33	11,17	12,37	13,29	13,42	14,06	13,75	14,99	13,91	11,15	14,29	13,79	12,90	11,83	12,24	14,27	12,76	14,85	12,64	14,38	17,51	12,63	12,89	16,10	13,67	17,06	12,11	16,42	13,50	13,32	14,03	13,69	13,96	15,15	13,54	16,72	13,71	17,39	12,81	14,31	15,38	13,81	15,30	14,97	13,88	13,71	14,22	14,52	13,41	12,02	12,44	14,22	12,04	14,22	14,26	15,06	17,32	15,34	13,52	12,53	12,44	13,12	12,15	12,22	13,17	15,46	18,46	15,41	15,45	13,73	12,02	11,81	14,41	11,22	14,03	15,55	11,98	14,89	14,14	14,20	11,17	12,58	12,05	13,63	11,89	11,50	15,90	14,38	11,89	14,65	12,86	13,69	12,49	21,49	12,76	12,68	12,43	13,02	14,16	12,83	12,37	11,56	12,71	14,19	12,89	11,78	16,71	15,15	12,70	13,38	13,65	14	
17	91		{upb}	Rit.			3,26	2,34	3,89	2,96	3,45	3,71	4,10	3,72	3,56	3,03	4,58	3,08	2,60	2,75	3,66	3,30	3,62	4,15	3,01	3,13	2,69	3,81	3,60	2,99	3,16	3,25	3,53	3,75	4,18	3,74	4,58	5,10	3,44	3,31	4,16	3,43	4,10	3,56	4,13	3,44	3,29	4,12	3,96	4,30	3,82	3,25	4,98	3,35	3,99	3,16	3,02	3,75	3,66	3,97	3,98	3,21	4,05	3,70	3,38	3,48	3,01	3,72	4,10	2,99	3,49	3,02	3,65	3,41	4,55	3,54	3,36	3,19	3,16	3,56	3,48	3,31	4,27	4,76	5,04	3,80	3,82	3,27	2,98	3,90	3,50	3,32	3,83	3,71	4,41	4,20	3,99	3,33	3,56	3,27	3,65	3,04	3,09	4,67	3,73	3,42	3,54	4,04	3,49	3,63	6,03	3,60	3,47	3,52	3,68	3,97	3,17	3,06	2,79	3,61	3,94	3,50	3,24	4,30	3,96	2,99	3,82	3,63	4	
18	92		B2c	a tempo (Allegro moderato)			22,70	17,70	26,95	21,08	24,71	25,58	25,97	23,43	26,00	23,36	33,29	24,34	20,83	21,93	28,09	27,30	27,97	27,54	25,77	25,23	20,55	25,27	27,00	25,64	21,88	22,62	28,17	22,72	29,02	27,34	24,13	34,04	23,17	23,96	29,14	24,17	30,65	22,71	31,96	25,38	25,36	31,63	27,59	27,28	31,56	26,91	33,94	27,58	28,18	25,44	27,20	32,75	27,04	25,38	24,81	26,44	29,22	27,36	28,65	24,84	24,09	22,75	30,78	23,74	24,15	24,65	24,62	28,13	29,15	26,28	21,79	24,48	24,90	22,58	23,74	23,89	26,94	28,42	34,58	29,54	26,43	22,83	24,35	24,45	25,20	24,89	25,20	22,97	25,68	28,71	27,09	22,47	22,14	22,93	25,82	26,07	20,19	29,26	26,41	21,67	28,92	23,34	24,74	26,72	33,19	23,68	22,89	23,79	23,50	26,26	26,24	22,55	21,52	23,58	27,38	23,90	24,27	29,46	29,18	23,91	24,71	25,84	26	
19	102		B2c {cont}	Allegro			9,75	8,22	12,73	9,36	10,85	11,64	11,17	10,41	10,26	9,38	13,75	9,82	8,52	9,22	10,56	10,84	12,60	11,87	13,82	9,94	8,84	11,11	11,77	10,94	10,53	11,25	11,76	10,22	15,40	10,39	9,85	14,44	10,11	8,49	12,63	9,64	12,62	10,13	14,00	11,20	11,78	11,16	10,15	10,04	11,23	11,38	10,61	12,94	11,45	11,31	12,69	14,16	11,66	12,06	11,45	10,90	10,55	10,14	12,36	10,66	10,91	10,23	10,55	9,94	9,05	11,76	11,31	11,00	10,51	12,14	9,39	11,18	10,04	9,06	10,64	10,61	11,67	12,09	11,65	11,99	11,69	10,60	10,09	11,22	10,84	9,49	11,94	10,52	10,94	11,18	10,88	10,15	9,38	9,46	11,84	9,91	8,99	11,94	12,38	9,73	12,76	10,95	10,43	11,09	13,56	11,30	9,20	9,96	10,03	10,01	10,12	9,67	9,38	10,10	10,83	9,98	10,72	11,71	11,69	10,40	9,76	10,92	11	
20	107.1.2		{cut_off}				1,83	2,29	2,35	2,61	2,43	2,64	2,12	2,28	2,32	1,98	3,29	2,14	1,97	3,04	2,71	3,82	2,94	2,06	3,00	1,99	2,82	3,37	2,67	3,05	3,34	3,60	2,79	3,91	3,05	2,54	1,73	3,14	1,90	1,91	2,86	1,86	2,76	2,45	2,53	3,92	2,40	4,31	3,15	2,41	2,34	2,42	3,87	2,80	4,19	2,52	2,57	3,52	3,57	2,66	3,16	2,20	2,58	2,59	2,62	1,96	2,27	4,01	3,66	1,99	2,88	2,65	2,41	3,62	3,17	3,37	2,64	2,06	1,75	1,58	2,81	3,16	2,28	2,40	2,33	2,45	2,36	1,92	2,20	2,75	2,43	2,79	2,50	2,27	2,93	2,51	1,96	2,09	1,78	2,62	2,48	4,07	2,55	3,03	2,66	2,90	3,15	2,01	1,94	2,61	3,77	2,89	2,83	1,92	2,60	1,68	1,92	1,87	3,02	1,80	2,44	2,09	2,09	2,26	2,26	3,46	1,76	2,63	3	
21	108	C1	X2				6,38	5,50	5,42	6,59	6,19	5,95	5,87	5,45	7,16	4,75	8,01	5,16	4,98	7,16	6,88	8,03	6,95	5,83	7,43	4,94	6,47	6,84	5,96	7,05	6,97	6,71	6,03	6,05	7,30	9,09	4,58	7,22	4,69	4,12	7,17	4,94	6,90	5,25	6,21	7,98	8,61	8,34	8,28	8,76	6,63	5,61	7,37	7,03	8,17	8,21	6,69	8,14	8,20	6,69	8,02	5,65	8,40	10,22	6,45	4,83	9,02	7,18	7,62	4,60	7,32	6,00	5,85	8,10	7,84	9,01	5,51	5,32	5,02	5,28	6,99	7,44	5,96	6,20	7,57	5,94	6,86	4,97	6,44	5,63	6,21	6,32	5,73	5,61	5,55	7,23	5,31	5,86	4,33	6,22	5,90	6,04	7,90	7,58	5,92	7,82	7,40	4,80	5,41	6,14	8,94	5,98	6,84	4,19	6,39	4,31	5,60	4,15	7,28	4,72	6,20	5,85	6,35	5,53	5,72	8,43	4,17	6,48	6	
22	110		C1a	Tempo I. subito (aber nicht schleppend)			23,70	26,64	33,34	28,19	32,63	30,19	27,81	27,25	32,99	30,85	32,63	36,24	31,97	32,03	31,42	33,48	32,53	32,88	29,87	30,75	30,85	29,75	29,30	29,36	29,84	28,67	30,98	31,01	33,37	31,37	28,13	38,40	30,25	27,00	33,19	28,84	34,76	26,39	33,01	34,77	33,89	34,80	32,62	32,67	31,02	26,47	34,94	30,02	36,63	33,82	29,74	34,78	32,08	37,01	32,83	33,68	31,79	31,81	34,20	29,92	30,86	32,40	33,15	27,86	31,13	30,48	31,74	39,79	34,78	31,84	29,89	30,23	29,53	33,49	28,30	36,32	32,98	35,60	37,98	34,91	34,72	31,26	34,18	29,27	26,39	27,73	35,40	31,02	31,68	35,95	30,42	29,80	34,62	31,46	33,38	29,37	36,15	38,31	33,17	33,63	33,89	31,75	29,45	28,18	38,54	31,94	31,92	32,60	30,77	27,09	31,23	26,77	30,60	31,49	32,94	27,98	30,87	33,98	31,18	31,37	31,76	31,81	32	
23	119		C1b				30,67	29,73	37,65	32,21	36,55	32,57	32,45	33,04	37,98	37,01	39,35	42,43	40,57	36,46	39,30	40,70	38,64	37,22	39,55	34,91	34,18	35,86	34,50	34,30	33,89	33,47	36,37	34,27	40,99	37,51	35,33	43,68	36,91	35,45	39,53	35,50	41,64	30,60	42,11	39,06	39,55	40,20	39,80	36,18	37,22	31,76	41,75	35,62	43,02	37,52	35,14	38,05	37,81	42,81	38,12	38,10	38,10	39,46	37,91	37,79	33,90	35,93	37,68	30,59	34,32	37,28	37,43	45,72	43,26	37,14	35,80	33,68	34,32	37,58	33,27	41,19	40,28	43,95	43,32	39,36	38,81	36,52	38,63	35,81	32,53	32,65	42,09	33,95	39,22	40,32	37,02	33,29	43,86	35,04	39,90	34,49	43,26	39,76	38,77	40,84	41,30	37,68	32,19	33,15	50,06	37,53	34,92	40,40	34,99	31,36	37,05	31,33	37,01	37,23	40,45	31,73	37,69	38,86	36,56	34,14	37,64	37,32	37	
24	129.3.2		{upb}				1,43	1,35	1,46	1,18	1,52	1,73	1,36	1,13	1,35	1,46	1,93	1,28	1,78	1,71	2,70	2,05	1,32	1,11	1,91	1,50	1,49	2,26	1,49	1,78	1,36	1,40	1,90	1,91	1,50	2,14	2,11	1,90	1,64	2,02	1,68	1,48	1,73	1,29	1,74	1,71	2,34	2,22	2,90	2,55	1,49	1,51	1,60	1,35	2,13	2,07	1,27	1,48	1,55	2,74	1,39	1,63	2,41	2,43	1,60	1,56	1,92	2,11	1,87	1,36	1,63	1,36	1,60	1,99	1,85	2,04	1,87	1,83	1,79	2,19	1,65	2,01	1,50	2,68	1,77	1,52	1,97	1,58	1,57	1,58	1,56	2,00	1,82	1,64	2,08	3,00	1,88	1,57	2,19	1,79	1,48	1,84	2,27	2,46	1,96	1,53	1,77	1,59	1,91	1,73	3,00	1,75	1,57	2,27	1,96	1,39	1,67	1,62	1,97	1,68	1,82	1,32	1,50	1,88	1,84	1,34	1,92	1,78	2	
25	130		C1c	Plötzlich sehr mäßig und zurückhaltend			42,27	38,03	45,66	36,44	42,44	43,94	44,39	38,80	47,19	43,42	52,01	52,24	49,25	43,84	53,81	51,40	45,37	44,03	44,27	45,59	40,26	48,07	42,12	41,87	42,26	42,02	51,40	50,43	48,14	48,74	60,96	64,79	50,19	61,25	51,31	46,62	55,70	43,31	52,26	51,25	50,87	55,12	49,26	49,93	47,88	43,49	53,46	42,19	55,23	48,18	41,83	46,16	47,06	57,29	47,28	50,38	51,32	54,22	53,22	57,41	46,97	52,92	50,16	37,00	41,15	44,90	48,97	59,47	57,95	48,93	49,93	46,11	50,55	48,96	43,40	50,94	51,81	55,83	55,68	51,14	53,58	47,63	48,36	47,28	47,61	43,62	50,53	43,50	50,08	52,23	56,69	51,75	53,47	49,79	54,53	45,27	62,14	58,36	51,27	50,22	52,51	48,73	45,44	46,61	62,76	47,15	50,07	56,61	52,66	47,05	49,52	59,84	52,83	50,97	51,07	38,22	44,07	54,87	50,50	43,71	51,22	49,31	49	
26	142		C1d	Noch etwas zögernd, allmählich übergehen zu			18,13	17,90	22,20	18,82	20,29	20,53	21,44	19,42	20,90	20,54	23,52	22,51	23,12	19,71	23,43	23,98	22,93	22,79	22,72	20,15	18,84	23,09	21,05	19,44	19,99	21,14	24,95	24,32	25,42	24,04	29,05	28,36	23,18	34,94	24,16	23,14	25,88	20,12	25,01	27,81	23,35	26,77	24,26	23,70	24,46	20,26	26,22	22,26	24,31	20,98	22,55	22,47	23,12	24,65	23,86	23,99	25,94	28,31	26,35	25,33	20,90	25,55	23,24	17,54	21,26	26,84	24,34	31,41	29,25	22,86	22,52	22,67	27,70	24,29	21,04	24,54	24,04	27,32	27,27	26,94	26,65	22,77	24,09	22,90	21,20	20,56	25,76	20,97	24,86	24,43	27,66	26,12	26,57	23,82	27,54	21,88	28,29	30,09	24,13	23,20	26,03	23,43	23,93	21,41	27,15	22,72	23,84	27,23	26,38	21,77	20,63	30,74	26,13	26,50	26,11	19,08	20,93	25,56	25,50	21,95	25,08	23,88	24	
27	147.4.2		{upb}				0,48	0,33	0,45	0,21	0,52	0,38	0,37	0,43	0,53	0,37	0,52	0,37	0,75	0,47	0,71	0,42	0,72	0,65	0,61	0,31	0,26	0,61	0,45	0,44	0,63	0,43	0,61	0,43	0,56	0,84	0,98	0,71	0,55	0,80	0,42	0,57	0,67	0,51	0,69	0,56	0,48	0,63	0,59	0,62	0,53	0,31	0,68	0,81	0,53	0,27	0,78	0,62	0,66	0,51	0,70	0,65	0,78	0,76	0,58	0,50	0,47	0,47	0,68	0,45	0,52	0,58	0,57	0,54	1,07	0,43	0,64	0,52	0,70	0,47	0,47	0,53	0,57	0,81	0,62	0,70	0,87	0,71	0,52	0,66	0,46	0,53	0,72	0,50	0,64	0,69	0,59	0,62	0,86	0,59	0,61	0,71	0,61	1,14	0,63	0,68	1,03	0,62	0,87	0,71	0,57	0,61	0,66	0,78	0,71	0,38	0,53	0,42	0,43	0,64	0,70	0,53	0,46	0,61	0,66	0,29	0,49	0,59	1	
28	148	A3	A3a	Tempo I.			13,93	11,29	14,06	12,72	12,75	12,29	12,81	12,53	14,29	14,50	16,31	15,24	15,09	12,61	17,36	14,39	14,00	14,26	15,87	12,62	12,26	14,94	13,06	12,31	13,64	13,83	17,03	14,75	17,88	17,04	20,83	18,21	14,86	20,20	17,22	13,61	18,05	12,71	15,35	18,70	14,87	18,97	16,03	16,72	15,24	13,11	18,91	15,12	16,94	13,34	15,46	15,09	15,59	14,51	16,23	16,57	17,78	17,78	15,10	14,58	13,07	15,49	15,72	11,56	13,66	16,03	13,30	19,95	18,53	13,92	14,31	14,05	14,98	15,20	14,04	16,02	15,71	17,01	17,60	17,46	16,97	14,78	15,54	14,62	14,61	12,78	16,28	13,18	14,50	15,42	16,22	14,35	16,20	14,82	16,26	13,11	15,51	17,74	14,85	14,50	16,53	15,23	15,74	14,15	15,02	13,45	14,74	17,36	16,30	12,68	13,80	15,58	15,02	14,90	15,67	12,60	13,65	16,00	15,95	13,53	15,80	15,18	15	
29	151.4		A3b				27,35	23,90	31,52	27,41	29,52	28,38	29,24	27,66	34,09	31,01	34,44	32,64	32,85	28,47	36,28	33,42	31,37	33,21	32,69	30,81	27,08	34,28	28,34	28,02	29,98	29,04	35,11	32,38	34,63	34,43	39,60	41,62	34,43	40,81	37,22	31,16	40,32	28,56	35,17	39,47	32,99	40,59	33,74	35,06	33,85	29,69	41,05	33,31	37,17	30,63	32,29	32,97	34,97	34,18	35,37	34,98	33,93	35,25	35,34	31,90	28,23	33,62	33,00	25,49	30,14	35,54	32,30	43,88	38,19	31,15	30,95	30,01	33,59	32,07	32,69	35,27	34,83	38,48	38,55	37,63	36,88	31,27	33,43	31,90	31,71	29,52	33,53	28,50	32,56	33,45	36,70	31,72	34,19	31,01	34,94	28,59	37,38	37,74	33,97	31,71	36,57	31,64	33,94	31,24	37,01	29,87	33,04	38,08	34,66	28,95	29,27	32,80	35,41	33,13	34,12	28,06	30,56	34,53	35,14	29,61	34,83	33,19	33	
30	160		A3c				11,84	10,91	13,85	11,33	12,45	13,57	13,47	11,93	12,88	11,62	15,25	11,61	12,69	13,00	14,04	14,08	14,36	13,80	13,01	12,16	12,28	13,53	12,57	12,22	13,84	13,00	12,96	13,46	14,56	12,92	14,26	16,87	13,81	14,42	15,30	12,29	16,16	12,23	15,09	15,74	14,61	15,05	12,74	13,14	14,31	12,58	14,45	14,06	15,66	12,72	13,67	14,01	13,79	14,20	13,19	14,33	14,20	14,29	13,66	13,19	12,49	14,42	13,17	10,52	13,32	14,00	13,16	17,45	15,88	14,33	13,56	13,23	15,16	12,13	12,46	14,41	13,70	15,65	16,76	14,93	16,04	13,22	12,97	13,26	13,19	12,80	13,21	12,23	14,46	14,97	15,86	13,60	13,63	13,97	15,50	11,97	13,01	14,40	13,71	11,67	15,81	13,60	14,16	12,93	15,39	11,93	12,29	16,42	15,44	12,84	12,19	13,75	13,47	13,58	13,35	12,63	13,66	15,43	15,34	12,91	15,00	13,72	14	
31	163.4		A3d				3,26	3,27	3,81	2,93	3,29	3,62	3,90	3,00	4,00	3,20	3,95	3,08	3,53	3,31	3,75	3,46	3,81	3,60	3,40	3,48	3,20	3,63	3,36	3,33	3,21	3,46	3,62	3,49	3,86	3,62	4,23	4,60	3,60	3,99	4,26	3,83	4,13	3,10	3,88	4,56	4,37	4,40	3,26	3,05	3,35	3,42	3,86	3,89	4,02	3,61	3,67	3,90	4,06	4,00	3,39	3,64	3,79	3,63	4,56	3,70	3,64	3,87	3,70	2,90	3,59	3,85	4,04	4,57	4,92	4,23	3,75	3,29	4,72	3,19	3,62	3,89	3,59	4,30	5,47	4,05	3,97	3,65	3,58	3,60	3,49	3,34	3,99	3,41	3,83	4,44	4,38	3,48	3,36	3,70	4,08	3,11	3,06	4,98	3,83	2,78	4,02	3,81	4,45	3,47	4,76	3,37	3,12	4,02	4,12	3,19	3,11	3,60	3,73	3,64	3,30	3,32	3,81	4,01	4,22	3,81	3,81	3,74	4	
32	164.4		A3d {cont}	Allmählich fließender			9,52	9,46	10,76	8,85	9,80	10,96	10,84	8,96	12,30	9,78	13,30	9,15	10,43	10,76	11,25	10,16	10,61	10,90	11,79	10,78	10,26	10,59	9,39	10,30	10,70	10,36	10,96	10,90	12,89	10,68	11,66	14,16	11,24	11,36	11,85	9,85	13,16	10,11	12,31	14,35	12,53	12,52	10,04	10,43	10,20	10,84	12,10	11,20	12,08	10,45	10,62	11,85	11,59	12,79	10,59	11,57	10,99	10,87	12,30	10,74	10,55	11,40	10,75	8,43	10,97	11,31	10,62	14,46	12,11	11,29	10,45	10,42	12,65	9,11	10,39	11,62	11,37	11,07	15,03	11,29	12,66	10,06	10,64	10,98	9,62	9,96	10,18	9,82	11,72	12,27	11,45	10,38	10,65	10,54	12,71	9,64	9,27	13,31	11,19	9,57	12,75	10,89	11,61	11,24	12,82	9,28	9,46	11,26	11,82	10,28	9,66	11,12	11,17	10,51	10,30	11,00	10,99	11,74	11,95	10,47	11,02	11,05	11	
33	168		A3e				15,12	15,18	17,75	13,78	14,85	15,63	16,73	13,74	15,77	14,61	20,33	12,98	14,51	13,65	15,96	15,81	18,95	15,75	19,19	13,13	12,92	14,90	15,60	15,13	15,75	15,57	15,03	14,44	20,62	14,23	16,82	21,45	17,07	15,25	17,20	12,67	19,32	15,33	17,53	19,27	15,44	15,77	15,23	14,76	14,97	17,96	17,12	15,91	18,90	15,27	15,66	19,94	14,91	15,73	14,78	16,92	15,18	14,88	16,06	16,15	15,18	15,19	14,90	13,17	15,42	15,06	13,42	16,88	14,19	17,40	14,56	16,36	15,90	13,28	15,82	16,63	18,84	18,55	17,58	15,44	19,04	15,67	15,46	15,39	13,86	14,88	14,27	14,92	16,70	17,05	14,96	15,15	14,72	15,67	16,89	14,37	11,47	19,86	15,75	14,42	20,22	15,74	16,11	15,55	21,21	14,55	13,34	14,04	16,53	15,69	14,65	15,15	14,60	14,53	16,10	17,08	15,91	16,84	18,07	16,11	16,62	15,90	16	
34	174	C2	C2a	Mit Wut / Allegro risoluto (Nicht zu schnell)			21,17	18,53	25,03	21,49	22,64	23,39	25,44	21,75	21,37	21,23	30,07	19,34	19,92	18,93	22,85	25,15	25,52	25,17	26,20	22,72	18,92	23,35	24,74	23,83	23,02	22,58	23,69	21,86	27,99	21,79	20,62	31,06	23,20	19,29	30,02	24,89	30,99	23,89	28,32	22,68	23,37	21,87	23,30	22,14	24,16	23,68	22,40	24,97	27,34	23,02	25,32	31,26	24,60	21,87	24,63	22,56	22,17	21,92	24,99	24,41	22,74	22,56	21,88	19,84	21,74	26,04	24,38	22,85	23,10	24,34	21,67	24,57	23,38	23,64	22,56	22,44	25,67	25,08	27,04	24,77	23,93	23,79	21,20	23,55	21,15	21,30	29,48	23,44	24,87	27,41	22,91	22,35	24,74	21,74	23,87	22,89	19,07	28,52	24,73	20,70	28,57	24,77	23,66	23,56	28,78	23,50	20,24	21,33	21,54	23,24	22,13	21,25	20,51	23,42	24,86	20,52	22,25	24,27	28,01	23,59	22,00	23,62	24	
35	184		C2b				24,85	20,87	30,76	25,15	28,17	27,96	30,78	26,71	29,18	26,39	38,70	24,18	24,43	24,10	35,16	31,26	32,38	30,30	34,44	29,88	23,86	29,39	29,92	29,29	26,16	26,36	32,76	27,56	37,84	33,70	29,29	38,85	27,43	27,01	35,90	31,75	38,19	29,77	40,26	28,09	28,73	36,61	38,62	34,13	30,20	29,43	36,23	31,75	36,59	28,60	33,11	39,33	30,25	28,83	30,21	27,74	35,42	33,86	33,92	31,30	27,97	27,79	31,40	24,73	28,10	31,66	28,65	27,98	33,20	31,36	26,78	29,59	29,66	27,66	27,44	28,84	33,71	33,63	35,23	34,09	31,33	30,30	28,55	31,29	29,29	27,25	31,39	27,03	32,40	36,78	30,61	26,31	29,32	27,16	33,69	28,28	26,40	39,80	31,43	24,73	37,32	31,91	27,11	30,56	40,29	28,72	26,27	28,43	29,08	29,32	27,87	29,56	28,55	30,03	33,62	25,58	29,60	29,59	36,90	29,14	26,82	30,52	31	
36	196		C2c				13,39	9,91	15,80	12,18	12,83	14,90	14,42	14,69	14,26	14,08	18,29	13,58	14,11	11,96	17,30	16,23	17,39	17,33	16,36	16,40	12,15	13,60	16,61	14,65	12,47	12,84	18,14	14,03	18,28	14,84	12,14	18,40	12,15	12,08	17,73	16,83	18,80	12,74	21,28	14,48	13,63	18,24	16,65	14,08	16,40	15,39	18,10	16,51	15,94	14,04	17,22	19,22	15,34	13,30	14,44	14,56	15,97	14,30	16,30	15,05	13,78	14,45	16,58	12,31	14,12	15,09	14,98	13,65	14,98	15,76	13,77	15,34	14,73	14,49	14,44	14,22	14,72	13,99	19,57	16,47	14,70	14,43	13,58	15,02	14,49	14,77	15,44	13,72	15,68	17,50	14,63	13,12	15,06	14,18	14,87	15,21	11,75	19,49	15,20	12,88	18,64	14,48	13,40	15,10	15,99	14,39	13,57	13,09	14,62	14,51	14,97	14,29	12,52	14,36	16,75	12,33	14,51	15,55	17,97	13,94	14,65	15,02	15	
37	202		C2d				4,15	3,78	4,50	4,28	3,94	4,61	4,37	4,40	4,47	4,45	5,55	3,91	4,08	4,33	5,04	5,02	5,48	5,04	5,34	4,74	4,13	4,51	5,09	4,29	4,52	4,47	5,11	4,62	6,41	4,22	4,55	5,76	3,95	3,96	5,71	4,90	5,62	4,43	6,16	4,38	4,40	5,22	4,80	4,26	5,28	4,26	4,69	5,70	4,91	4,35	6,03	6,12	4,74	4,72	5,13	4,17	4,62	4,19	4,47	4,41	4,39	4,75	4,54	3,76	4,56	5,57	5,02	4,39	4,52	5,29	4,55	4,50	3,70	4,62	4,53	4,53	4,75	4,62	4,79	4,70	5,17	4,21	4,28	5,17	4,13	4,27	5,19	4,98	5,69	5,27	4,33	4,29	4,69	4,37	4,86	4,07	3,77	5,52	5,03	4,79	5,72	4,79	4,05	3,92	5,82	4,87	4,24	4,05	4,69	4,63	4,46	4,35	4,96	4,72	5,32	4,03	4,84	4,94	5,20	4,61	4,35	4,71	5	
38	204	B3	X3/B3a	210: morendo			17,81	16,45	22,10	18,08	18,77	18,66	18,50	20,99	21,42	18,85	22,91	17,08	18,60	20,16	20,57	22,70	25,85	24,21	23,87	21,84	18,29	21,37	25,74	19,82	22,04	20,96	24,76	21,77	27,07	19,19	27,48	26,70	24,97	28,61	27,72	20,50	29,08	22,08	28,20	25,10	21,08	29,04	22,26	19,69	23,30	21,39	30,88	25,57	23,31	19,78	25,09	25,75	24,77	21,41	22,08	24,69	22,73	20,63	19,63	19,76	19,03	25,06	27,60	15,18	27,73	26,36	22,56	17,99	25,65	20,87	24,72	20,62	16,45	23,51	20,58	22,38	25,05	21,85	20,79	18,43	27,60	19,17	23,23	21,51	20,57	23,63	24,90	22,61	26,76	29,00	26,24	22,36	24,08	20,57	19,68	19,97	21,21	29,19	24,57	27,94	25,75	21,13	20,57	17,80	26,53	20,85	20,80	26,07	18,09	20,02	20,72	19,61	25,20	22,35	25,57	17,62	19,44	22,37	21,91	22,01	24,32	22,56	23	
39	211.1.x		B3b	211: Leidenschaftlich			61,32	47,66	81,21	55,00	66,19	68,51	60,17	71,71	62,66	56,87	78,45	60,87	62,74	62,16	65,38	71,60	77,68	82,59	67,42	73,61	62,21	72,40	78,12	74,49	58,60	57,59	77,33	71,57	74,22	58,77	71,42	78,82	64,93	61,64	88,60	74,91	88,68	69,94	98,85	67,65	74,91	86,41	69,12	61,62	75,31	79,76	89,29	76,82	82,54	72,25	76,85	76,30	83,44	78,53	69,65	63,80	75,11	69,37	64,66	67,94	78,89	74,89	80,13	52,36	86,50	84,50	74,41	74,31	79,19	90,39	75,93	64,02	77,77	68,99	62,92	72,84	80,22	77,87	96,92	65,63	63,60	65,28	61,77	71,16	82,34	75,59	77,04	69,98	88,50	82,00	81,07	61,22	74,03	70,54	75,49	68,10	60,17	94,72	80,60	68,13	93,55	67,78	81,68	77,49	107,46	69,78	73,88	77,59	72,95	76,43	61,56	64,05	75,60	75,32	78,01	64,24	69,06	83,49	86,95	61,29	74,34	73,23	73	
40	234		B3c	Plötzlich langsamer (Das Tempo so weit mäßigen, als nötig)			11,11	8,25	19,61	14,87	12,42	11,57	10,82	17,10	11,69	11,05	13,79	11,34	11,81	10,30	12,60	12,23	17,56	19,69	14,58	12,79	9,35	14,98	17,22	13,12	13,53	12,46	11,49	13,00	14,06	15,10	12,54	15,74	12,66	12,46	17,19	13,68	17,90	13,45	17,89	15,31	12,44	15,20	15,32	15,00	14,22	13,62	14,69	13,80	14,88	12,40	13,11	14,51	13,73	15,03	11,82	16,12	16,51	17,62	13,62	14,25	12,51	13,27	13,82	10,07	14,64	14,89	12,93	13,58	15,58	13,67	14,02	12,57	12,46	14,60	11,91	12,24	16,10	17,10	14,67	13,34	12,45	13,36	9,16	14,66	12,38	12,78	14,82	13,50	14,68	14,73	13,91	12,85	14,98	13,87	15,03	11,67	18,63	16,52	15,70	11,54	19,26	14,56	14,46	13,01	22,84	15,44	12,46	13,83	13,73	13,48	14,44	12,28	14,73	14,15	14,33	13,40	12,73	17,05	15,69	11,62	14,87	14,01	14	
41	237		B3d	Sehr mäßigend			8,77	6,50	10,74	10,42	8,62	7,16	6,64	9,16	7,91	8,45	9,74	8,71	9,57	7,46	10,48	8,07	10,62	10,44	8,79	8,94	6,29	9,08	10,14	7,36	7,56	7,51	8,18	9,08	9,43	10,67	8,90	9,32	6,86	7,14	9,30	9,23	9,55	7,73	9,81	9,17	7,71	10,14	11,31	10,81	9,46	8,72	9,77	10,05	9,27	7,44	9,34	8,62	7,98	9,80	8,73	10,34	10,66	10,34	8,75	8,01	6,62	10,53	8,87	6,08	9,13	9,68	8,27	8,87	10,53	8,17	10,32	8,33	8,22	9,73	8,02	7,37	8,83	11,16	9,07	8,91	8,45	8,75	6,07	8,67	8,55	8,60	9,01	10,34	9,83	9,38	7,73	8,19	9,80	8,88	9,20	8,53	8,52	9,66	11,09	7,96	9,86	8,99	9,26	7,76	11,92	10,50	8,01	8,81	8,99	8,86	10,45	8,29	8,93	9,50	8,66	9,24	7,76	10,07	8,71	8,16	9,44	8,95	9	
42	239		B3e	Schon langsam			12,18	9,22	17,36	15,41	12,50	11,37	10,34	12,63	12,54	12,74	14,96	14,69	16,26	10,26	13,84	11,61	16,49	15,53	11,26	12,32	9,74	13,27	15,37	9,66	11,32	10,69	12,74	13,95	14,57	12,08	15,54	14,44	11,09	12,54	12,97	11,66	13,62	11,45	14,10	12,42	11,72	15,65	14,67	13,86	14,13	11,41	14,73	14,32	15,01	11,40	13,19	12,82	12,58	16,19	12,75	15,95	13,52	14,78	12,40	13,15	11,02	16,28	14,18	9,69	14,84	13,88	12,64	12,46	16,49	13,39	15,13	13,37	9,08	13,96	10,38	11,98	12,48	17,90	12,46	12,23	13,86	12,09	9,96	12,73	12,58	12,75	13,39	14,23	15,85	14,04	12,18	13,40	14,53	12,10	14,35	12,24	11,82	13,94	16,64	12,56	15,36	12,91	14,08	12,00	21,46	15,67	12,00	13,95	13,66	13,67	15,68	14,17	13,11	13,20	13,75	13,02	12,78	14,08	13,07	11,79	14,32	13,34	13	
43	242		{fade/o}	Fermate			4,66	5,95	9,98	6,66	7,42	8,64	9,20	6,09	6,80	7,01	6,04	7,98	8,66	6,53	8,74	7,29	8,28	6,76	5,00	8,01	6,60	9,28	5,93	5,41	6,21	7,08	8,61	6,72	7,05	8,20	10,90	10,49	10,25	6,02	9,30	8,19	7,84	8,43	10,34	9,42	7,21	8,25	9,46	8,88	8,57	6,63	10,18	9,83	8,79	8,06	9,41	8,38	6,75	10,39	7,22	10,19	9,37	10,44	6,39	9,47	8,20	10,31	8,88	8,76	9,88	6,63	7,12	6,45	10,77	10,21	8,78	6,02	10,06	7,67	8,44	7,61	9,99	9,90	13,85	9,55	9,55	7,69	7,52	6,13	7,93	8,77	7,32	7,03	10,75	9,70	8,95	8,49	8,03	7,47	11,23	10,70	9,02	12,70	9,93	8,28	8,16	9,38	6,95	6,73	11,30	7,66	6,87	10,74	6,85	7,10	7,34	9,51	11,99	9,85	10,54	7,51	8,99	9,66	9,17	8,94	7,41	8,44	8	
44	243		{fade/o}	morendo			1,74	1,80	3,25	2,25	1,89	2,02	1,65	2,68	2,07	2,27	1,74	2,65	2,17	2,06	2,14	1,90	2,95	2,75	2,20	2,10	2,11	2,43	2,77	1,90	2,01	1,92	1,77	2,22	2,23	2,37	2,11	2,85	2,16	1,81	2,24	2,21	2,48	1,86	2,37	2,38	1,93	2,71	3,05	2,58	2,32	2,27	2,57	2,23	2,14	1,92	2,33	1,91	2,26	2,70	2,03	2,09	2,88	2,58	2,94	2,06	1,94	2,15	2,33	2,54	2,12	2,45	1,81	3,14	2,43	2,15	2,91	2,36	2,05	2,32	1,73	2,73	2,34	2,76	3,01	1,77	2,28	1,89	1,74	2,09	2,09	2,01	2,32	2,86	2,58	2,36	1,88	2,36	2,41	2,08	2,14	2,17	2,47	2,34	3,04	2,32	2,26	2,00	2,69	1,73	3,10	3,15	2,23	2,15	2,68	2,29	2,06	2,09	2,96	2,55	1,74	2,02	2,12	2,53	1,98	3,10	3,11	2,31	2	
45	243.3	C3	C3a	251: morendo, 253.1: Fermate			32,75	31,65	51,62	42,27	37,59	41,42	42,40	40,73	40,17	42,88	36,10	49,80	48,37	41,47	45,68	35,09	47,88	49,68	39,07	40,75	38,74	41,40	43,55	36,04	37,77	36,35	41,30	46,25	45,08	42,91	43,53	48,77	41,48	42,05	46,88	41,85	46,99	39,62	52,61	42,88	44,74	52,86	45,43	41,91	46,29	37,96	49,77	49,31	46,54	43,79	43,51	40,88	38,47	56,98	43,65	44,61	48,29	45,36	45,26	38,24	37,93	51,13	45,29	35,26	44,79	47,28	37,71	54,89	45,88	40,63	51,49	42,40	46,22	42,85	40,73	47,46	44,17	55,89	53,33	39,65	45,41	39,18	37,63	44,34	41,42	45,76	43,09	49,49	48,05	48,12	44,49	41,54	46,05	40,24	46,81	42,46	51,30	47,69	54,28	40,86	51,24	40,16	45,60	35,69	59,67	49,75	41,89	45,08	45,75	39,18	40,61	44,89	42,74	44,43	44,07	39,28	43,02	45,79	46,22	42,44	46,58	44,09	44	
46	253.2		{fade/o}	253/254: Fermate			5,00	3,70	4,02	4,37	3,33	5,72	6,33	4,09	4,55	4,93	3,93	5,47	5,09	5,49	5,13	4,22	6,55	5,85	5,11	4,16	5,16	5,58	4,37	3,99	4,47	4,26	5,06	5,07	6,29	5,38	7,37	6,25	5,49	6,13	6,81	4,99	5,32	6,02	6,21	4,98	5,78	5,94	5,65	5,26	5,40	3,64	4,23	7,36	5,51	4,69	7,71	4,80	5,65	6,84	3,92	5,01	5,48	5,14	5,45	6,32	7,17	8,50	4,77	4,94	7,87	6,02	4,57	7,03	6,05	5,03	6,34	5,16	4,95	5,97	4,42	7,36	6,16	7,52	9,18	4,59	6,01	4,84	4,99	5,12	6,01	7,46	4,81	5,98	5,60	7,70	5,85	5,50	6,07	5,89	7,65	5,05	7,15	8,40	6,46	8,85	6,57	5,82	6,43	5,15	7,64	6,08	6,50	7,30	6,05	5,35	3,91	9,41	5,71	7,96	5,44	5,45	7,09	5,30	6,49	6,00	5,61	5,75	6	
47	254		C3b	Schattenhaft			16,31	17,63	27,24	18,93	19,78	22,73	27,74	22,61	22,11	23,12	19,68	23,89	27,41	22,01	22,30	22,70	29,68	29,18	20,85	25,01	19,62	24,67	26,33	18,94	18,40	17,08	22,71	25,98	21,40	21,11	33,58	29,95	26,49	29,93	24,21	26,32	25,46	21,81	24,88	22,36	23,43	22,26	19,03	18,83	25,28	20,03	24,74	26,94	22,92	22,64	27,81	24,05	24,54	25,65	24,09	25,57	24,04	24,93	25,35	25,84	22,71	33,00	23,10	18,56	25,93	29,49	22,64	35,05	29,81	24,29	29,16	22,90	25,60	22,87	21,03	26,20	25,95	27,69	31,02	25,88	26,99	23,60	24,14	24,80	20,60	26,71	24,16	27,20	27,31	27,97	29,05	27,77	25,09	23,97	27,97	24,42	28,39	27,81	31,97	34,11	27,77	25,24	26,97	20,87	31,46	26,72	26,24	28,94	27,11	21,82	24,34	20,29	26,24	29,25	26,17	23,53	25,38	28,67	27,28	24,97	26,26	24,98	25	
48	260		C3c	Allmählich an Ton gewinnend			18,71	19,76	31,64	22,24	22,86	24,89	24,33	25,37	25,23	24,05	23,30	23,97	29,79	25,01	26,11	24,42	32,93	32,38	24,81	26,49	21,75	29,66	27,82	20,96	22,89	22,19	26,00	29,56	26,49	24,99	35,83	31,18	27,02	32,34	28,26	28,36	30,50	25,22	27,99	27,95	25,60	28,08	23,76	22,07	26,18	22,55	28,10	28,61	28,64	23,73	28,93	28,40	27,72	27,97	31,08	28,75	27,64	28,54	26,96	27,51	23,76	34,02	27,11	19,75	27,12	33,31	26,93	37,86	32,80	26,55	30,31	26,26	27,38	28,79	24,37	29,47	30,52	31,63	31,22	28,94	30,31	25,42	27,23	29,31	23,31	27,50	30,16	26,94	30,71	30,02	31,98	29,09	29,19	27,64	29,57	27,03	32,23	31,25	32,80	28,91	33,19	28,07	29,87	25,05	31,03	28,39	28,00	31,31	30,41	23,93	27,34	25,56	29,55	32,44	29,13	26,51	28,60	30,11	31,41	25,39	32,23	27,79	28	
49	266.4		{upb}				1,08	0,83	1,16	1,32	1,04	1,31	0,98	0,95	1,71	1,52	1,46	1,50	1,69	1,04	1,74	1,29	1,49	1,64	1,45	1,49	1,01	1,79	1,28	1,20	1,88	2,00	2,03	1,90	1,27	1,60	2,28	1,52	1,67	2,07	1,73	1,42	1,57	1,03	1,13	1,62	1,49	1,64	2,06	1,75	1,44	1,04	1,75	1,86	1,51	1,47	1,67	1,33	1,65	1,58	1,48	1,55	2,36	2,15	1,35	1,43	1,54	2,63	1,43	0,96	1,12	1,36	1,67	1,56	2,26	1,48	1,24	1,22	1,48	1,70	1,60	1,83	1,87	2,08	1,94	1,42	1,49	1,56	1,39	1,64	1,43	1,90	1,97	1,69	1,55	1,33	1,75	1,39	1,84	1,98	1,43	1,24	1,91	1,89	1,49	0,99	1,54	1,47	1,70	1,94	1,21	1,35	1,35	1,26	1,20	1,51	1,26	1,33	1,97	1,68	1,79	1,13	1,30	1,54	2,10	1,20	1,70	1,55	2	
50	267	A4	A4a	Tempo I. Andante			7,09	5,79	8,61	6,37	6,83	6,70	5,98	6,78	7,37	8,23	6,86	7,87	8,17	6,85	8,58	6,73	8,68	8,70	7,62	7,10	6,42	8,29	7,18	6,62	7,04	7,55	7,57	8,53	8,02	8,72	8,88	8,77	7,99	9,00	8,29	6,97	8,38	6,22	6,90	8,90	7,94	8,19	7,98	8,03	8,03	6,33	9,33	8,21	8,07	7,08	7,75	7,75	7,88	7,48	8,52	8,62	9,84	9,27	7,13	7,64	6,95	8,97	7,72	5,87	7,47	8,34	7,20	9,21	9,03	7,42	7,41	7,52	7,53	8,47	7,25	7,48	8,52	8,34	8,10	7,87	8,49	6,96	7,10	8,06	6,39	6,91	7,86	7,11	7,85	7,78	8,62	8,00	7,77	7,59	8,14	6,79	8,13	8,10	8,43	6,94	8,95	7,18	7,73	6,50	8,04	7,31	7,22	8,63	7,41	6,86	6,81	7,39	8,34	7,65	7,70	7,11	7,34	7,64	7,63	6,57	8,65	7,71	8	
51	268.4.2		A4b				22,53	17,41	27,51	19,48	21,62	21,80	20,47	21,70	24,76	26,30	24,19	25,61	27,09	22,02	26,63	22,11	27,02	28,23	24,19	22,28	20,28	25,11	24,58	20,04	22,24	21,85	26,31	25,97	25,68	24,98	28,77	26,93	24,45	25,23	26,18	22,45	27,60	21,54	23,89	28,43	23,81	28,14	27,08	25,10	25,33	20,72	30,03	25,83	26,27	23,52	24,72	25,73	26,19	25,14	25,55	25,90	29,50	27,02	22,86	23,05	21,11	27,33	23,87	19,02	25,37	25,97	23,59	34,04	28,74	23,20	24,14	23,10	27,23	24,23	22,47	25,52	27,49	28,48	26,23	25,06	26,73	21,63	24,72	25,81	21,82	24,31	25,28	22,12	25,75	25,32	25,13	25,14	23,48	23,42	25,12	21,93	27,07	26,45	27,00	22,16	28,55	22,57	25,62	23,36	27,54	22,84	23,16	27,95	23,55	20,87	23,09	23,88	26,47	24,69	26,50	22,64	24,23	25,46	24,78	20,19	27,92	24,71	25	
52	275	B4	B4a	Nicht schleppen			12,83	9,79	15,88	10,71	12,13	13,98	13,06	12,76	16,42	11,94	13,65	11,99	14,01	13,46	13,64	13,64	15,25	16,33	13,27	11,20	11,93	14,17	13,80	12,05	11,72	10,61	14,15	15,42	14,17	12,29	15,34	18,11	15,71	13,63	15,43	12,10	16,89	13,31	15,73	14,02	11,95	15,88	12,52	12,56	14,46	12,78	15,29	15,09	13,92	11,30	14,81	14,74	11,84	15,53	14,12	13,78	14,49	12,92	13,38	14,27	10,54	17,90	13,04	10,28	13,92	14,94	11,16	17,72	14,40	13,30	13,51	12,90	13,82	11,30	11,74	14,66	17,97	17,78	15,03	13,93	13,04	12,91	13,16	13,92	11,85	12,06	11,12	13,19	16,31	14,18	13,87	12,90	12,28	12,80	13,75	13,33	11,98	14,28	15,23	12,31	16,54	13,66	12,52	12,92	17,21	12,83	13,41	14,57	13,16	14,02	12,72	12,57	14,01	13,27	14,36	15,27	13,62	14,21	14,48	12,55	14,09	13,71	14	
53	279		B4b	Etwas fließender			8,05	5,68	9,05	6,51	7,75	8,73	8,87	7,54	8,66	7,06	9,11	7,11	8,13	7,42	8,40	8,90	10,01	9,90	8,23	7,98	6,78	8,41	8,96	8,23	6,67	6,54	9,54	8,30	9,05	8,06	9,10	11,06	8,45	8,05	10,33	8,38	9,75	8,70	10,32	8,72	7,44	11,04	7,98	8,06	8,90	9,21	11,35	8,79	8,97	7,12	9,67	8,57	7,69	8,03	8,90	8,88	8,91	8,44	8,52	9,27	7,68	10,02	9,78	6,72	8,31	9,44	7,93	9,98	9,54	8,31	7,62	8,50	9,23	7,30	6,70	9,01	9,82	8,46	9,78	9,41	7,95	8,93	7,49	8,08	8,18	8,37	7,95	7,98	10,00	9,26	8,44	7,33	7,84	7,24	9,01	8,09	6,35	9,17	9,15	7,57	10,79	9,32	8,51	8,47	10,14	7,85	7,54	7,70	9,03	9,32	8,42	8,00	7,28	8,04	9,05	7,72	8,95	8,57	9,68	7,80	7,91	8,51	9	
54	282		B4b {cont}	Etwas drängend			7,04	5,26	7,71	6,32	7,53	7,44	8,39	7,11	7,21	6,70	8,62	6,64	7,43	6,35	8,02	8,15	8,41	8,17	8,19	7,33	6,21	7,52	8,22	7,47	6,36	6,15	8,88	7,36	9,35	6,97	7,76	9,58	7,39	7,56	9,03	8,02	8,96	7,76	9,67	8,02	7,21	9,82	7,11	7,06	7,84	7,75	9,71	8,22	7,87	6,60	8,48	8,82	7,31	6,84	8,36	7,74	7,87	7,66	7,80	8,46	6,77	7,73	8,17	6,32	7,53	8,59	7,11	8,51	9,47	7,51	6,78	7,31	7,09	6,83	6,42	7,78	8,45	7,89	8,26	8,61	7,52	7,52	6,42	7,81	7,78	7,21	7,32	6,87	7,55	8,20	7,57	7,13	7,22	6,65	7,91	6,99	6,04	8,32	7,94	6,44	9,08	7,78	7,95	7,81	9,50	7,33	6,21	6,78	7,59	7,46	7,49	7,35	6,34	6,88	7,50	6,97	7,58	7,49	8,89	7,08	6,85	7,62	8	
55	285		B4c	Bewegter (quasi Allegro)			41,44	30,75	47,51	38,09	45,63	46,00	46,77	42,94	42,77	40,53	52,68	40,68	41,30	36,98	43,19	47,76	52,90	48,43	52,93	48,39	37,06	47,40	48,31	43,47	39,66	40,31	52,45	45,25	58,59	38,29	46,37	55,29	41,17	45,53	56,52	52,73	57,94	44,74	59,97	46,35	43,90	52,83	43,15	41,09	49,78	43,50	55,38	51,41	51,04	43,98	52,55	53,66	51,09	44,06	47,56	47,15	43,81	42,06	48,33	48,88	42,19	43,85	49,85	37,69	45,85	50,80	45,92	50,14	56,43	48,28	42,06	43,40	44,30	43,57	39,50	42,63	49,62	44,60	51,31	51,91	46,57	44,44	40,95	45,62	42,10	44,31	47,92	43,54	50,50	55,19	47,19	40,29	44,55	39,76	48,36	40,72	40,43	54,06	50,64	37,57	51,80	47,25	43,83	47,10	60,00	44,96	39,62	42,22	43,90	49,13	46,10	41,03	37,15	42,85	48,36	40,12	44,24	45,08	55,43	44,54	43,34	46,17	46	
56	303		B4c {cont}	Pesante			10,15	9,74	10,75	13,98	9,68	12,44	11,91	9,39	11,72	10,56	14,26	11,23	10,41	11,41	13,49	11,43	13,89	13,04	16,00	11,56	10,98	14,73	12,46	10,55	10,22	9,78	13,39	13,26	17,37	12,93	14,04	14,79	11,48	13,43	14,17	12,77	15,03	12,67	15,00	11,54	11,27	14,43	14,18	15,31	12,63	11,07	13,85	13,18	14,40	10,81	14,07	15,85	15,11	10,57	12,76	10,76	15,39	14,34	12,51	11,83	10,59	12,46	14,02	11,86	12,51	12,43	11,05	12,78	12,65	14,04	12,83	13,48	11,71	12,57	11,52	11,25	15,37	10,28	13,71	12,41	14,09	11,78	10,57	11,38	13,49	13,71	12,34	12,00	13,62	15,28	12,21	10,59	11,56	9,80	13,44	10,53	13,65	13,55	13,12	9,38	13,11	11,62	13,40	13,06	14,99	11,63	13,97	13,16	11,92	12,09	13,96	9,55	9,13	11,96	13,91	11,24	11,86	13,23	14,44	11,46	10,64	12,54	13	
57	307		B4c {cont}	Rit.			3,88	3,22	4,27	3,96	3,68	3,89	3,57	3,62	3,54	3,10	3,78	3,31	3,24	2,96	4,77	3,24	4,46	5,13	4,10	3,98	3,07	4,36	4,28	3,37	2,79	2,81	4,20	3,90	4,89	4,84	4,85	4,17	3,57	5,23	3,91	4,44	3,62	3,70	4,53	3,38	3,09	4,82	5,40	4,89	4,11	3,43	6,44	4,21	4,46	2,80	4,31	4,88	4,84	3,95	5,20	3,24	5,73	5,64	3,87	3,63	2,93	3,57	4,94	3,31	4,41	4,03	3,65	3,75	4,61	3,74	4,24	4,03	3,01	4,19	3,83	3,19	4,39	3,74	4,29	4,26	4,35	3,88	3,38	3,91	3,79	5,83	4,28	3,54	4,24	5,97	3,95	3,21	4,20	3,65	4,22	3,85	4,10	4,25	3,65	3,08	3,82	3,58	4,56	4,07	4,23	3,72	4,05	5,27	3,66	3,36	4,06	3,00	3,23	3,83	4,77	2,73	4,19	4,28	5,96	4,00	4,44	4,04	4	
58	308		B4c {cont}	Pesante (Höchste Kraft)			8,26	6,75	7,40	7,54	7,81	7,07	8,61	7,57	7,88	7,59	7,12	7,73	7,35	6,03	9,64	7,73	9,21	9,04	8,69	7,87	6,54	7,31	8,55	7,27	6,79	6,47	7,81	7,80	7,66	10,17	9,87	9,06	7,49	8,98	7,64	8,33	7,93	7,70	10,03	7,58	6,03	9,50	11,18	11,59	8,87	6,93	10,65	8,61	8,19	6,10	8,86	8,57	7,32	6,09	8,29	7,03	10,66	9,69	7,78	8,43	6,71	9,15	9,51	7,11	7,32	7,74	6,41	8,05	11,72	7,31	7,93	7,28	6,86	9,42	8,95	6,77	8,38	7,39	9,66	7,81	7,71	9,28	6,64	8,46	7,78	8,77	8,01	8,57	8,57	13,12	9,22	7,97	10,14	8,32	9,01	8,87	8,97	11,61	9,10	6,21	7,58	8,56	8,01	7,87	10,16	9,80	8,76	7,21	7,28	7,60	8,52	7,39	6,91	8,01	9,85	7,71	8,34	8,55	8,16	8,22	8,20	8,25	8	
59	310		B4c {cont}	a tempo			4,06	3,73	4,72	4,14	4,05	5,26	4,39	3,95	4,49	4,53	5,00	4,53	4,58	3,86	4,87	4,79	4,82	4,64	5,07	4,77	3,70	4,45	4,95	4,88	3,65	3,78	5,48	4,46	5,19	4,48	3,78	6,12	4,29	3,79	4,87	5,02	5,15	5,01	5,68	4,59	4,39	5,89	5,24	4,49	5,52	4,58	6,12	4,85	4,34	4,39	5,28	5,79	5,36	4,50	4,33	4,73	4,80	4,65	4,98	4,44	4,23	4,74	5,19	4,38	4,78	4,62	4,63	5,34	5,24	4,46	4,30	4,59	3,91	4,18	4,23	4,34	5,61	4,32	5,05	5,07	4,55	4,23	4,14	4,32	4,05	4,48	4,78	4,14	4,25	5,56	5,18	4,51	4,35	4,01	5,25	4,57	3,70	5,51	5,13	3,53	5,42	4,56	4,10	4,28	5,22	4,39	4,20	3,76	4,06	4,10	4,35	4,33	3,52	3,69	4,56	3,76	4,90	4,76	4,98	4,41	4,10	4,60	5	
60	312		B4c {cont}	Stringendo			4,06	4,12	5,31	4,71	5,04	6,20	4,77	4,85	5,09	5,30	5,96	5,22	5,72	4,70	4,97	5,23	5,43	5,09	6,04	5,43	4,51	5,05	5,47	5,21	4,35	4,70	6,17	5,58	6,71	4,44	4,23	6,66	4,90	4,10	5,51	5,53	5,97	5,23	5,66	5,15	5,31	6,64	4,73	4,31	5,72	5,15	6,20	5,84	5,23	5,20	6,18	6,62	5,68	5,38	5,04	5,41	4,65	4,67	5,10	4,65	4,87	5,63	5,93	4,99	4,78	5,80	5,27	5,45	4,89	5,50	4,91	5,32	5,01	4,57	4,96	5,17	5,72	5,29	6,07	5,66	5,27	4,66	4,75	4,93	4,64	5,13	5,80	4,67	4,35	6,06	5,97	4,94	4,81	4,62	5,35	4,64	4,19	5,86	5,63	4,33	5,84	4,93	4,20	5,09	5,98	5,06	4,74	4,41	4,72	4,24	4,91	4,77	4,20	4,33	5,10	4,60	5,22	5,24	5,49	5,12	5,10	5,17	5	
61	314.3		B4c {cont}				3,67	2,59	3,78	3,67	3,99	3,96	3,25	3,59	3,72	3,85	3,99	4,34	4,61	3,35	3,69	3,72	4,17	3,82	4,76	4,35	3,56	3,34	3,75	4,28	3,81	4,44	3,33	4,29	4,82	3,20	2,64	4,57	3,26	2,76	3,91	4,74	3,90	3,54	4,07	3,60	3,57	4,28	3,40	3,31	4,10	3,52	4,57	5,40	3,60	3,58	5,41	4,32	3,97	3,64	3,55	3,94	3,66	3,72	4,01	2,99	3,57	4,62	3,82	3,24	3,27	4,95	3,97	3,90	4,02	4,04	4,03	3,64	3,45	4,69	3,30	3,53	3,99	3,63	4,25	3,88	3,75	3,34	3,42	3,19	3,31	3,70	4,41	3,68	5,30	4,32	3,71	3,30	4,19	3,12	3,66	3,25	3,07	4,00	4,40	2,85	4,49	3,45	2,89	3,28	4,29	3,98	2,88	2,81	3,41	3,01	3,72	3,15	3,99	3,03	3,49	2,76	3,29	3,49	3,70	4,13	3,98	3,77	4	
62	316	C4	X4/C4a	Einhaltend			8,70	6,53	9,02	9,14	9,59	9,69	7,34	8,81	9,49	10,42	9,34	11,14	10,47	8,94	8,08	9,91	10,12	8,54	9,62	9,84	8,65	8,80	10,17	8,71	9,68	9,54	9,96	9,89	10,28	8,17	6,84	10,58	8,24	6,25	9,36	10,65	9,54	8,07	9,40	9,42	9,47	9,71	9,43	8,07	9,66	7,68	9,77	10,09	9,82	9,84	10,50	9,96	9,33	9,82	9,35	9,12	8,42	8,52	10,20	9,17	8,84	10,04	9,28	6,88	8,15	10,48	9,65	9,74	10,44	9,03	9,10	8,45	8,13	10,53	7,81	8,72	9,40	9,00	13,75	9,77	9,90	9,04	9,17	8,46	8,05	8,91	10,62	9,97	11,23	10,04	10,42	8,75	10,80	8,68	9,66	9,93	8,93	10,76	10,13	8,47	10,21	9,81	8,27	8,20	9,77	9,90	7,24	6,94	7,98	8,44	9,40	8,15	8,62	8,55	8,63	6,60	9,19	8,55	8,91	10,09	9,39	9,23	9	
63	319		C4b	Rit.			4,82	5,26	5,49	6,01	6,35	5,97	5,28	5,27	6,20	5,89	5,24	6,47	6,39	6,08	5,25	6,39	5,93	5,70	5,72	5,39	5,56	5,38	6,19	5,28	5,82	6,20	5,73	6,59	6,74	5,43	6,16	6,75	5,92	4,67	5,98	6,01	6,23	5,36	5,71	6,03	5,88	6,72	6,08	5,20	6,04	5,22	6,56	5,93	6,16	6,43	5,89	6,33	5,71	6,65	6,07	5,81	5,47	5,51	6,74	6,34	5,54	6,45	6,11	4,84	5,83	6,39	6,47	6,94	6,55	5,60	6,33	5,18	5,90	6,77	5,09	6,00	6,59	6,06	6,86	6,29	6,51	5,44	5,63	5,25	5,32	5,05	7,08	6,23	6,25	6,53	6,89	5,79	7,14	6,37	6,47	6,01	6,44	7,33	6,37	6,05	6,47	5,89	5,24	4,91	6,00	6,31	5,03	7,71	5,34	5,29	5,68	5,49	4,87	5,96	5,95	4,25	5,66	6,26	6,49	5,98	5,82	5,95	6	
64	320.4		{upb}				1,07	1,02	1,09	1,07	1,02	1,25	1,01	0,88	1,11	1,38	1,14	1,04	1,15	1,14	0,99	1,18	1,02	1,05	1,11	1,30	1,31	1,02	0,97	0,94	0,94	0,96	1,17	1,22	1,19	1,05	1,83	1,00	1,09	1,04	1,54	2,03	1,39	0,93	0,99	1,25	1,06	1,47	1,08	1,22	1,34	0,78	1,43	1,39	1,02	1,40	1,28	1,30	1,16	1,33	1,11	1,41	0,93	1,13	1,31	1,17	1,10	1,34	1,26	1,08	0,96	1,15	1,09	1,32	1,55	1,20	1,19	0,90	1,36	1,72	1,22	1,20	1,26	1,26	1,30	1,41	1,06	1,19	1,29	1,01	1,12	1,10	1,08	1,26	1,05	1,53	1,21	1,16	1,72	1,17	1,39	1,18	1,40	1,40	1,29	0,82	1,19	1,20	0,90	1,11	1,20	1,10	1,11	1,05	0,80	0,89	1,12	1,02	1,12	1,22	1,42	0,89	1,13	1,22	1,17	0,96	1,36	1,18	1	
65	321		C4c	Gehalten			17,79	17,71	19,60	19,86	20,75	20,07	19,74	18,85	20,59	22,28	19,18	23,32	23,40	20,04	18,51	21,01	20,25	20,52	21,53	18,50	19,38	18,88	20,23	16,90	20,90	20,55	22,85	21,27	23,56	19,06	23,37	23,70	20,37	19,15	20,96	19,68	21,72	18,20	19,61	21,51	21,48	22,19	19,40	18,44	21,04	16,51	22,58	20,68	21,79	23,16	20,13	21,52	19,58	22,87	21,63	20,17	19,91	19,77	20,99	21,91	18,59	21,08	20,24	16,60	18,56	22,43	21,18	23,06	21,14	18,86	21,52	18,58	22,43	21,87	18,05	21,53	21,66	23,66	24,12	20,51	21,78	19,85	19,49	17,65	18,58	16,65	23,72	19,72	22,39	21,84	21,93	20,13	23,50	21,04	20,70	19,18	20,81	23,05	21,47	20,64	22,52	20,60	17,13	18,55	22,46	21,00	18,27	22,12	18,74	17,75	20,20	17,81	17,71	20,01	21,24	16,33	20,73	22,30	22,45	19,09	21,39	20,49	20	
66	326.4		{upb}				0,83	0,96	1,03	1,03	0,95	1,13	0,93	1,05	0,89	1,02	1,01	1,06	1,11	0,91	1,17	1,02	0,81	0,88	1,15	0,90	1,06	1,01	0,91	0,71	1,12	0,91	1,23	0,97	1,26	0,93	0,86	1,19	0,92	1,03	1,01	1,03	0,98	0,96	0,99	1,13	1,04	1,28	0,85	0,96	1,25	0,71	1,32	1,18	0,99	1,28	1,11	1,03	1,07	1,04	1,01	1,16	0,81	0,97	1,04	1,15	1,03	1,21	0,97	0,83	0,88	1,11	0,99	1,27	1,21	1,05	0,90	0,85	1,14	1,24	1,08	1,34	1,13	1,33	1,38	1,18	1,07	0,95	1,18	1,00	1,01	0,88	1,10	1,10	1,06	1,00	1,29	1,13	1,14	1,20	1,16	0,91	1,21	1,12	1,12	0,97	1,00	1,10	0,76	0,97	1,20	0,96	1,08	0,97	0,77	0,82	1,22	0,98	0,96	1,21	1,25	0,91	1,04	1,18	1,06	0,84	1,20	1,05	1	
67	327		C4d	Wie ein schwerer Kondukt			32,66	30,40	31,14	34,13	34,80	33,10	36,25	33,13	32,56	33,39	33,25	35,27	35,49	32,83	32,42	34,94	34,60	33,43	37,00	30,18	31,07	32,56	32,43	28,96	34,98	32,86	32,77	32,85	37,13	33,80	34,16	38,68	31,29	31,67	33,71	29,24	34,84	31,07	35,21	34,89	36,30	35,32	32,96	31,42	34,71	28,88	35,67	33,93	37,04	37,71	33,69	35,03	32,11	39,31	37,14	32,64	33,53	33,65	33,64	34,82	30,07	33,53	32,58	26,28	29,19	38,65	35,37	38,25	37,25	31,74	33,38	30,35	36,02	35,53	27,72	35,27	36,14	39,89	40,52	31,84	34,10	31,94	31,64	29,67	31,08	28,06	38,30	32,36	38,19	33,91	33,15	31,12	37,08	35,02	32,73	30,76	35,36	36,77	36,04	34,17	35,57	32,08	27,79	31,22	37,64	35,10	30,22	35,21	29,63	31,45	32,63	28,61	30,01	32,97	33,59	26,31	32,41	34,05	35,10	29,17	35,13	33,48	33	
68	336.4		C4e				32,12	32,68	32,21	33,20	36,31	32,60	39,29	34,27	35,58	34,74	35,75	38,54	37,12	35,34	34,75	36,41	36,78	35,11	38,66	35,86	33,84	37,07	33,82	30,96	35,86	34,52	35,98	35,84	43,09	36,40	36,56	44,29	37,31	36,11	38,79	36,59	38,68	33,65	38,27	39,64	40,31	37,41	37,03	34,48	36,00	30,95	37,62	37,85	39,44	40,98	37,40	36,60	36,07	41,11	40,86	34,38	38,19	37,44	36,26	39,86	34,40	37,29	35,90	29,17	33,15	40,06	38,26	44,18	38,67	37,49	36,78	32,32	37,20	39,27	30,34	38,10	39,71	42,16	42,39	38,59	39,84	35,80	34,67	32,73	34,75	32,59	41,98	33,46	41,89	37,37	37,61	33,78	42,59	36,49	34,82	32,67	41,23	39,14	38,75	38,78	38,47	36,81	29,73	35,10	40,83	37,93	32,28	39,43	33,92	33,36	34,87	32,91	33,23	38,81	36,68	27,91	37,08	38,35	36,86	32,02	37,17	36,57	37	
69	346.4		{upb}				1,39	1,00	0,98	1,00	0,98	1,13	1,12	1,35	1,24	1,19	1,19	1,22	1,18	1,27	1,56	1,05	1,10	1,45	1,26	1,61	1,15	1,83	1,15	0,99	1,35	1,46	1,35	1,37	1,35	2,56	2,12	1,74	1,62	2,07	1,79	1,86	1,53	1,02	1,25	1,58	1,85	1,71	2,37	2,52	1,43	1,11	1,59	1,76	1,38	1,53	1,48	1,23	1,89	1,46	1,82	1,52	2,53	2,70	1,55	1,54	1,82	2,35	1,36	0,98	1,35	1,47	1,33	1,33	1,93	1,55	1,60	1,15	1,65	2,61	1,41	1,51	1,64	1,73	2,12	1,41	1,68	1,34	1,24	1,54	1,74	1,37	2,51	1,43	1,97	1,94	1,57	1,71	2,78	1,75	1,33	1,59	1,77	2,99	1,71	1,78	1,44	1,76	1,68	1,58	1,86	1,58	1,47	1,91	1,41	1,72	1,62	1,70	1,55	1,75	1,84	1,24	1,59	1,71	1,37	1,37	1,53	1,59	2	
70	347	A5	A5a	Wie von Anfang			13,96	12,16	12,86	12,28	12,15	12,58	11,79	12,93	14,30	13,96	14,33	13,90	16,19	13,50	16,32	12,22	13,10	13,93	15,07	13,74	13,18	13,14	12,63	12,73	14,35	13,68	14,62	14,23	15,09	15,09	18,12	17,23	15,22	17,12	15,45	13,38	15,50	12,61	13,58	17,00	14,86	16,28	15,93	15,76	15,07	12,78	16,45	14,77	16,35	14,08	14,41	14,33	14,93	15,76	14,81	14,48	16,59	16,41	13,71	14,60	14,45	15,20	15,19	10,96	13,18	15,44	14,51	16,61	16,18	13,81	15,37	13,49	14,81	16,38	13,32	15,95	15,65	16,31	15,85	14,19	16,21	13,42	13,53	14,70	13,51	13,19	15,18	12,96	15,82	14,59	15,35	13,62	15,67	13,97	13,18	12,60	16,47	16,29	15,14	12,41	15,60	14,12	14,10	14,42	16,13	13,13	13,68	15,21	13,63	12,53	12,86	13,94	15,09	14,88	13,79	11,45	14,80	15,91	14,75	13,13	14,91	14,47	14	
71	350.4		A5a {cont}	Anwachsend			22,57	18,89	20,84	19,20	19,53	21,42	19,92	21,14	25,36	21,44	25,25	23,43	25,83	21,29	26,63	20,05	21,87	23,01	23,36	21,13	21,18	20,08	20,27	19,88	23,33	21,66	23,00	21,86	24,21	24,71	26,75	29,42	24,23	26,31	26,33	21,42	26,56	20,71	21,88	25,31	22,50	25,35	25,78	25,49	24,81	20,50	26,57	23,36	26,09	21,53	23,64	21,97	24,20	23,87	26,16	22,83	26,75	26,53	22,07	22,61	21,44	23,61	24,23	17,55	19,91	24,68	22,55	26,96	26,72	20,41	23,92	20,41	23,09	24,99	20,26	24,53	24,71	26,64	24,04	22,28	25,00	21,00	20,89	23,08	20,96	21,13	23,73	20,29	25,46	24,06	23,42	20,39	24,27	22,60	21,65	20,22	25,02	25,18	24,72	18,87	24,54	22,53	22,93	22,34	26,46	20,31	21,84	24,83	21,80	20,67	20,30	21,92	24,55	23,69	21,76	19,52	22,74	25,64	22,78	20,32	23,95	23,01	23	
72	356.3.4		A5b				34,25	26,49	32,82	25,22	25,69	30,22	29,45	30,91	35,49	30,62	35,73	34,77	37,64	30,21	33,02	29,86	32,76	34,41	33,80	29,67	28,81	28,70	29,76	28,47	32,40	30,96	31,31	31,30	34,79	32,18	37,90	38,99	33,13	31,88	35,46	31,18	35,82	30,60	32,59	38,06	30,22	34,15	33,86	33,35	35,50	28,82	36,07	33,72	34,49	29,06	35,18	29,91	34,68	36,14	33,55	32,10	36,55	33,87	31,95	33,78	28,43	31,71	32,30	24,88	27,96	37,14	32,65	38,83	37,32	29,49	31,92	28,19	33,89	34,71	28,94	35,17	34,81	39,13	40,23	30,10	35,40	30,32	29,77	32,10	30,59	28,40	35,14	28,83	36,73	33,84	33,07	29,33	35,28	32,16	30,75	28,18	33,91	33,29	32,61	27,83	35,47	31,33	31,66	34,44	40,62	29,96	31,23	34,66	30,01	30,07	29,54	29,83	35,42	36,09	32,57	28,54	32,62	35,80	32,57	27,63	34,63	32,51	33	
73	365.2		A5c				20,81	16,70	24,15	15,75	19,77	22,60	22,16	23,48	26,89	21,48	27,00	24,95	26,39	22,21	17,76	21,11	24,73	25,18	24,80	23,75	21,95	20,97	23,24	22,13	24,37	23,15	22,85	22,92	26,46	18,60	22,50	30,72	22,51	22,45	27,35	23,95	27,84	23,12	26,28	27,67	22,95	22,29	20,23	17,59	25,64	22,33	22,86	25,62	26,12	23,29	25,45	23,27	25,42	26,49	21,15	22,93	21,96	18,20	24,25	25,54	22,92	23,09	21,94	17,98	23,64	26,43	25,62	28,91	30,01	23,37	23,29	22,76	25,71	23,31	20,20	23,97	23,89	29,66	28,12	22,74	26,60	23,05	22,01	23,95	23,12	22,69	25,65	22,09	27,94	24,52	24,73	18,28	24,61	24,89	22,77	22,12	23,00	23,02	25,03	20,32	27,18	23,88	22,89	24,87	30,38	22,22	24,99	26,46	22,28	23,33	22,67	21,18	26,27	25,42	26,37	20,88	24,40	27,18	25,29	20,69	27,05	23,72	24	
74	372	B5	B5a				8,22	4,76	9,68	5,12	7,10	7,48	7,37	8,99	9,40	7,45	9,57	8,20	8,02	7,10	6,03	7,21	9,72	9,90	8,95	7,71	6,77	7,65	9,23	9,20	8,72	8,12	7,70	8,77	8,91	6,86	7,02	8,95	7,39	7,68	9,11	8,39	9,38	7,70	10,37	9,55	7,85	8,91	8,27	5,45	8,71	8,77	8,24	9,84	8,71	8,03	9,31	8,26	9,06	8,96	7,56	7,73	7,95	6,85	8,44	7,82	7,80	9,12	7,65	5,62	8,69	9,64	8,76	9,46	9,69	8,68	8,40	7,48	7,76	9,29	6,82	8,41	8,08	10,85	11,28	7,86	9,05	7,70	6,84	8,42	8,93	8,00	8,30	8,38	9,94	8,28	8,83	6,04	9,44	8,29	8,21	7,72	7,91	8,72	9,72	6,67	9,11	8,15	7,23	8,65	11,78	8,52	8,35	8,64	8,51	7,88	7,89	5,89	10,05	9,30	7,87	6,60	7,92	9,28	9,19	6,60	9,11	8,29	8	
75	374.2		B5a {cont}				7,82	3,99	8,00	4,16	5,21	5,94	5,79	7,31	8,00	5,84	7,92	6,44	6,87	6,22	8,16	6,45	8,29	7,88	7,39	6,17	5,98	6,63	7,55	7,94	7,37	7,26	5,53	6,57	7,48	8,38	6,29	6,80	5,44	6,96	7,86	7,48	8,28	6,28	8,35	7,66	6,51	7,71	10,49	8,00	8,38	7,97	7,71	8,08	7,98	6,77	7,63	7,28	6,72	5,12	6,73	6,39	8,61	8,55	6,72	6,42	6,75	7,88	7,37	4,76	7,00	7,65	7,01	8,26	7,41	8,07	6,65	6,01	6,55	7,38	5,44	6,61	6,26	8,76	8,20	6,09	7,25	6,04	5,45	6,69	7,51	7,16	6,54	6,19	8,34	7,48	6,60	4,92	7,75	6,60	6,61	6,05	6,11	6,92	7,40	5,59	6,96	6,38	5,87	7,14	9,61	6,54	6,71	7,25	7,43	6,17	6,38	5,01	8,77	6,83	6,46	5,14	6,63	7,68	7,31	5,66	7,09	6,96	7	
76	376	Episode	D	Plötzlich bedeutend langsamer (Lento) und leise / Misterioso			62,53	46,06	74,46	50,54	52,78	50,58	69,98	70,88	78,22	53,37	78,34	57,52	57,81	52,91	69,83	67,22	77,36	70,58	69,50	63,86	48,08	64,53	69,82	59,29	61,82	57,93	71,63	64,18	81,04	66,97	56,57	64,74	57,95	58,32	72,91	61,22	76,51	67,49	79,37	71,93	64,53	65,98	67,02	63,44	73,93	58,01	68,74	67,44	73,02	61,23	65,43	69,11	66,62	72,07	68,84	66,57	73,75	68,63	65,76	68,42	59,63	67,76	61,50	47,06	62,99	64,84	71,68	89,20	76,52	68,11	66,34	57,20	76,34	61,80	56,71	64,96	62,58	77,31	75,95	74,89	73,29	56,39	57,37	65,28	64,90	65,04	72,06	60,49	71,71	59,35	58,02	71,37	63,51	57,59	81,38	58,72	70,76	65,98	64,27	55,91	69,64	58,92	57,89	68,60	86,11	63,22	63,78	67,79	68,60	59,34	65,52	64,13	62,34	57,62	61,22	56,50	66,75	72,45	69,03	60,56	62,24	65,57	66	
77	391		B5b	Nicht mehr so langsam			22,22	13,20	24,48	16,27	16,67	15,89	20,08	21,10	27,21	15,71	27,21	16,34	17,11	16,70	17,16	19,16	23,59	24,16	22,98	18,05	15,04	20,35	22,37	20,12	16,43	17,63	19,61	19,93	22,15	21,63	18,28	17,75	14,93	17,40	22,01	18,34	22,24	19,80	22,16	20,64	21,23	20,40	20,66	17,78	22,69	18,51	21,44	23,69	22,89	19,37	23,05	18,28	22,72	17,59	20,75	18,81	22,06	20,39	19,50	18,80	20,96	21,68	18,54	14,06	20,81	23,25	20,84	22,93	20,32	21,87	19,77	18,93	23,04	18,86	15,92	18,32	19,39	22,11	30,00	20,11	19,72	17,33	15,61	17,92	20,53	21,11	21,75	18,56	23,37	18,35	21,26	16,58	20,77	17,34	23,60	17,31	20,15	21,35	20,40	15,18	22,20	18,49	18,24	23,21	27,54	19,61	20,10	22,06	19,77	20,10	17,88	16,66	20,24	19,87	18,63	18,30	19,74	24,39	22,65	16,67	21,60	20,02	20	
78	396.2		B5c				7,54	4,88	9,67	5,16	6,23	5,77	6,45	7,59	8,82	5,53	9,04	5,52	6,18	5,00	8,35	7,25	7,80	8,98	7,04	6,31	4,50	7,48	7,59	7,40	6,57	5,93	7,05	6,43	6,84	7,74	6,11	5,52	4,95	6,03	6,59	6,98	7,33	5,69	8,33	6,20	6,93	7,71	7,42	7,32	8,11	7,35	7,66	8,46	7,27	6,92	8,25	6,30	7,55	5,88	6,86	5,65	7,71	8,00	6,19	5,79	7,07	7,44	6,81	4,49	6,88	7,98	6,68	8,21	7,15	7,43	6,54	6,07	6,50	7,28	5,54	5,69	5,87	7,79	7,92	6,64	6,43	5,76	5,36	6,61	6,70	6,98	7,51	6,55	7,58	6,01	7,11	5,02	6,67	5,53	8,16	5,86	6,44	8,38	6,67	4,76	7,19	6,10	5,61	7,90	9,43	7,06	6,78	7,36	6,66	6,83	5,73	5,13	7,30	6,45	5,99	6,22	6,12	7,91	7,90	5,57	6,94	6,79	7	
79	398		B5c {cont}	Etwas belebter			8,24	4,91	9,11	5,54	5,75	5,97	6,48	7,44	9,85	5,32	9,77	5,89	6,39	5,58	7,26	7,33	7,43	8,73	7,54	6,29	4,89	7,27	7,83	8,40	5,30	5,56	7,28	6,92	7,64	7,31	5,78	6,23	5,55	6,18	7,25	6,86	7,38	5,79	7,59	6,41	6,36	7,85	7,77	8,25	8,56	7,81	7,75	9,18	7,86	6,47	8,78	6,57	6,59	6,32	6,93	6,01	7,92	7,21	6,57	5,98	6,28	7,14	6,84	4,85	7,64	9,06	6,75	7,17	6,70	6,95	6,76	6,59	6,99	7,35	5,18	5,90	6,56	8,35	8,99	6,72	6,51	5,67	4,94	6,31	6,57	6,39	7,22	6,73	8,15	6,15	6,02	4,98	6,00	6,29	8,26	6,05	6,79	7,68	8,00	4,85	7,92	6,06	6,15	6,99	8,97	7,62	6,59	6,20	6,93	6,76	5,84	5,51	8,19	7,18	5,72	4,79	6,55	8,01	7,55	5,57	7,29	6,87	7	
80	400		B5c {cont}	gehalten			26,29	21,66	30,85	19,53	17,38	20,68	21,38	26,94	29,81	23,34	15,83	25,50	26,03	23,09	26,30	23,20	25,81	28,72	25,33	22,25	19,22	24,45	26,61	24,72	23,38	23,47	24,26	25,11	27,56	29,11	27,77	23,04	19,91	22,81	29,77	25,25	29,91	21,26	23,38	22,63	20,97	26,50	30,28	30,28	25,21	22,44	28,38	27,01	26,77	23,20	27,03	25,07	22,18	21,19	26,33	23,49	30,18	30,05	24,22	22,73	21,26	26,48	25,48	16,35	26,00	26,85	27,80	24,18	25,71	23,30	25,23	22,84	28,31	27,48	18,94	23,39	23,78	30,60	32,48	24,15	24,71	18,92	18,29	23,19	24,91	23,50	28,48	24,20	26,92	27,32	22,06	24,99	27,44	21,95	30,10	23,58	28,66	31,93	27,65	20,41	27,10	20,65	22,13	26,06	31,44	25,29	25,19	26,58	22,80	23,86	23,27	23,73	26,60	25,76	24,76	16,24	24,10	25,10	25,80	24,46	24,63	24,81	25	
81	405.4	Coda	Z1	406: Schon ganz langsam, 409: morendo			46,18	60,85	68,15	40,57	41,70	46,75	53,76	55,80	50,45	56,81	64,74	54,07	53,23	45,29	55,87	50,00	62,24	62,14	47,91	45,72	42,28	51,65	56,08	47,64	45,85	43,27	52,65	51,23	51,71	60,33	56,31	53,03	46,61	56,12	53,50	46,94	58,00	41,46	57,64	59,88	48,46	57,10	56,71	55,30	54,36	46,05	57,33	52,24	53,28	50,21	50,01	53,65	51,67	56,47	50,36	56,24	60,34	59,40	58,31	48,60	49,83	60,93	51,42	44,78	52,79	51,53	51,62	63,39	56,76	52,04	55,31	48,78	60,96	54,53	48,15	54,86	51,97	59,90	68,77	57,01	56,05	46,59	45,84	49,31	54,09	54,15	55,17	52,28	58,80	61,25	46,15	56,75	54,86	54,72	58,28	50,27	64,28	61,39	57,75	39,49	55,34	45,40	52,95	52,47	60,64	54,48	56,93	55,21	60,30	48,72	47,39	51,11	52,07	51,72	50,94	43,92	58,83	57,06	51,71	50,55	54,64	53,35	53	
82	416		Z2	Sehr zögernd, 419: morendo			24,86	32,51	31,82	28,17	24,00	27,81	32,33	22,60	25,47	29,50	25,52	31,18	24,84	27,35	29,89	27,95	32,25	33,48	30,09	22,39	25,93	26,75	21,39	25,54	28,37	30,65	30,06	27,80	31,97	29,20	28,97	30,13	28,50	28,93	31,33	24,11	31,92	26,41	36,12	34,50	28,07	29,29	28,33	26,72	28,31	24,51	28,16	25,97	30,21	28,76	26,18	31,67	19,28	33,96	31,40	33,69	31,34	30,45	33,11	26,35	26,83	31,59	26,40	25,94	30,91	27,57	28,28	37,83	34,27	29,99	30,17	27,06	30,15	27,43	28,05	32,08	28,41	34,52	34,92	32,42	30,15	25,37	28,05	27,43	28,22	30,69	27,90	27,85	29,02	30,53	27,31	31,28	30,38	32,41	31,85	28,85	33,54	28,61	33,30	22,89	28,60	26,42	29,32	23,15	35,17	26,62	30,86	33,01	32,45	25,70	26,86	28,94	24,03	31,27	28,77	26,40	31,41	32,29	27,98	27,82	31,33	29,07	29	
83	423		Z3	Schwebend			24,23	25,02	33,27	22,38	23,60	25,00	24,85	24,82	26,89	24,69	27,22	24,58	21,53	22,90	25,13	23,73	29,19	31,79	35,63	25,83	22,71	21,65	23,37	20,76	30,28	31,78	29,13	23,42	36,06	26,43	23,59	33,79	32,16	27,33	24,55	27,01	25,87	29,92	34,35	34,06	25,24	25,82	28,90	27,88	25,11	21,25	23,09	23,84	28,34	22,92	23,21	28,32	23,82	34,86	40,22	25,89	29,23	27,54	30,80	24,55	21,85	28,35	24,43	25,47	25,54	19,86	33,70	36,61	26,61	25,25	24,87	24,78	30,45	24,40	22,93	23,09	33,44	35,56	34,99	32,22	31,33	22,33	21,36	23,71	22,30	24,53	30,05	22,69	24,82	33,41	24,26	29,77	26,71	24,42	26,26	25,17	28,43	27,26	26,68	26,65	22,17	21,98	25,84	18,36	35,18	20,77	25,32	35,39	28,61	23,12	27,73	28,10	26,40	35,70	22,18	26,82	25,12	34,05	30,10	24,88	29,43	26,98	27	
84	431.x		{fade/o}	molto rit.			7,15	10,43	11,41	8,46	6,77	10,12	8,53	8,63	8,71	10,32	8,75	9,39	7,33	8,07	8,78	8,35	11,28	11,81	11,77	9,22	8,15	8,81	8,88	7,55	11,43	9,69	9,03	9,08	12,56	8,83	8,14	12,51	10,03	10,01	8,68	9,34	9,49	10,29	11,32	12,63	9,99	9,81	11,61	11,33	8,92	7,55	8,49	9,07	11,12	9,08	8,08	8,61	9,27	11,81	13,06	8,95	12,16	10,93	12,34	7,94	10,09	10,59	9,52	9,14	10,61	6,95	11,26	12,82	10,84	9,01	8,60	9,27	9,58	8,60	9,61	9,93	10,62	11,54	11,42	11,43	13,26	7,45	7,90	7,88	6,57	10,19	11,92	8,95	12,05	14,82	8,15	12,14	8,91	8,93	9,60	10,21	11,67	10,85	9,28	11,96	8,28	8,45	12,98	6,72	11,53	9,23	8,90	11,80	11,78	9,74	10,04	13,05	10,19	13,60	8,58	10,57	10,88	12,06	10,60	10,91	11,63	9,98	10	
85	433.4.2		{upb}				0,57	0,51	0,67	0,88	0,38	1,05	0,97	0,63	0,81	0,74	0,93	1,32	0,92	0,80	0,82	0,51	1,27	0,72	0,83	0,55	0,54	1,03	0,60	0,51	1,20	1,01	0,56	0,58	0,79	0,81	1,67	1,08	0,88	1,06	0,82	0,94	0,96	0,79	0,90	1,11	0,59	0,66	0,89	1,10	0,84	0,63	1,12	1,24	0,68	0,39	0,97	0,76	0,88	1,07	1,05	1,11	0,88	0,98	0,78	1,04	0,87	0,93	0,49	0,65	1,04	1,26	0,68	0,98	0,95	0,87	0,69	0,69	1,30	0,88	0,82	0,90	0,75	0,97	1,08	1,04	1,11	1,00	0,91	0,85	0,90	0,66	0,70	0,94	0,70	0,79	0,87	1,13	1,39	0,92	0,79	0,70	0,93	1,27	0,97	1,01	1,06	0,98	1,09	0,99	1,11	0,78	0,48	1,01	1,02	0,56	0,56	0,78	0,59	1,22	0,89	0,80	0,71	0,66	0,79	0,91	0,72	0,87	1	
86	434	A6	A6a	Wieder a tempo (aber viel langsamer als zu Anfang)	6/4 (443)		40,76	40,88	51,00	38,70	41,60	43,99	39,53	49,21	44,63	50,28	44,59	56,63	49,72	44,53	54,91	43,05	48,95	53,46	50,19	42,89	42,22	48,47	47,39	37,66	46,53	45,74	48,01	45,78	51,66	50,68	55,39	50,31	49,43	55,20	49,82	42,86	52,01	41,74	51,99	61,83	47,96	55,61	56,94	52,42	53,66	41,01	53,85	47,94	49,77	43,77	46,92	65,02	50,64	50,45	52,64	52,49	56,60	52,81	47,87	49,56	47,01	51,71	46,66	39,79	48,28	53,17	47,09	62,99	58,43	46,90	44,30	46,14	59,24	51,77	46,35	58,73	44,78	54,18	63,51	53,47	52,88	48,30	51,78	46,96	48,18	45,62	55,14	46,59	51,55	53,50	51,35	56,71	53,00	47,53	59,27	46,51	58,19	54,78	52,60	42,07	50,91	48,12	45,72	44,38	58,56	48,11	51,18	52,97	51,01	40,74	43,43	60,52	48,33	52,86	48,39	47,67	52,58	48,72	51,72	46,02	54,80	49,80	50	
87	444		{fade/o}	Zögernd	4/4		31,35	37,14	46,79	35,46	34,22	36,48	35,89	41,11	34,70	36,83	35,02	39,60	35,25	35,32	44,57	39,20	42,90	40,21	43,58	38,91	32,80	40,29	37,82	28,42	39,92	39,76	39,37	37,84	49,38	40,94	41,71	43,79	41,30	44,18	42,58	39,42	45,02	37,74	48,53	45,27	41,60	45,57	47,16	42,97	41,22	30,61	45,79	39,57	40,36	37,56	40,34	35,92	39,44	44,95	46,34	42,49	48,73	46,11	43,72	45,68	41,63	44,83	39,44	34,31	41,68	41,18	39,68	46,40	46,85	38,25	34,94	39,05	39,02	39,31	39,22	47,62	39,83	43,81	43,66	40,00	41,35	39,21	44,61	39,52	37,28	40,43	44,39	37,81	42,40	43,14	42,00	50,16	41,61	44,37	45,06	41,02	47,01	40,04	42,08	42,29	41,22	40,59	41,54	35,73	46,61	39,03	42,71	43,29	46,48	36,63	38,83	49,89	33,20	41,47	38,22	37,11	42,92	37,28	41,31	38,22	42,78	40,89	41	
88	453		{fin_ch}	450/1: morendo			4,73	5,64	8,66	4,87	3,96	5,24	8,18	6,55	4,59	5,04	4,35	6,13	6,87	4,98	7,31	6,23	4,63	4,98	6,14	5,55	5,66	7,74	4,87	3,87	4,25	4,66	4,09	5,75	6,46	4,78	5,85	6,60	5,40	6,86	8,65	4,79	8,85	5,14	7,50	6,37	6,77	6,16	6,04	4,06	5,76	4,37	4,89	6,65	7,10	5,24	5,77	6,44	7,03	8,01	8,73	6,50	5,50	4,60	7,72	6,56	7,35	6,66	6,04	4,90	4,81	4,77	4,84	6,11	7,10	7,34	4,58	7,61	7,21	5,44	5,52	5,66	6,93	6,16	7,48	5,42	7,78	7,28	5,22	6,35	7,44	6,08	5,92	6,11	7,79	8,05	6,48	6,34	7,00	5,74	5,85	5,56	6,28	8,13	6,16	6,00	5,48	6,92	6,77	4,70	6,34	6,73	6,48	7,05	4,04	6,76	5,52	7,75	5,93	7,64	5,87	7,10	6,29	5,11	5,38	6,06	4,91	6,11	6	
89	454.2			454: Fermate																																																																																																																														
						total duration (sec)	1491,56	1261,66	1751,11	1374,48	1454,70	1539,31	1527,73	1521,28	1640,64	1504,60	1753,87	1603,89	1600,16	1482,32	1694,46	1597,72	1748,87	1752,36	1688,97	1551,51	1411,42	1620,33	1617,73	1483,57	1492,35	1477,24	1684,62	1613,32	1805,72	1644,35	1764,99	1936,02	1606,04	1671,42	1837,15	1600,48	1905,25	1506,04	1843,97	1771,41	1642,85	1839,90	1719,80	1649,68	1742,55	1509,24	1863,62	1710,97	1808,25	1574,98	1687,92	1735,38	1695,06	1782,15	1695,86	1671,20	1786,76	1760,73	1694,14	1633,02	1529,00	1742,16	1675,32	1303,16	1636,75	1738,11	1629,15	1948,62	1882,20	1655,81	1634,81	1525,87	1681,58	1650,15	1474,00	1705,29	1751,61	1900,03	1970,03	1721,94	1743,73	1541,74	1531,50	1629,22	1571,75	1618,13	1738,51	1548,19	1818,80	1808,59	1695,97	1577,93	1722,79	1599,77	1776,73	1532,25	1719,85	1877,33	1773,71	1550,01	1837,92	1602,60	1609,77	1601,68	2133,55	1605,69	1625,98	1763,43	1688,66	1546,20	1533,97	1592,92	1633,12	1672,26	1668,49	1446,27	1623,60	1820,97	1755,59	1528,57	1715,85	1662,63		
						total duration (mm:ss)	24:52	21:02	29:11	22:54	24:15	25:39	25:28	25:21	27:21	25:05	29:14	26:44	26:40	24:42	28:14	26:38	29:09	29:12	28:09	25:52	23:31	27:00	26:58	24:44	24:52	24:37	28:05	26:53	30:06	27:24	29:25	32:16	26:46	27:51	30:37	26:40	31:45	25:06	30:44	29:31	27:23	30:40	28:40	27:30	29:03	25:09	31:04	28:31	30:08	26:15	28:08	28:55	28:15	29:42	28:16	27:51	29:47	29:21	28:14	27:13	25:29	29:02	27:55	21:43	27:17	28:58	27:09	32:29	31:22	27:36	27:15	25:26	28:02	27:30	24:34	28:25	29:12	31:40	32:50	28:42	29:04	25:42	25:31	27:09	26:12	26:58	28:59	25:48	30:19	30:09	28:16	26:18	28:43	26:40	29:37	25:32	28:40	31:17	29:34	25:50	30:38	26:43	26:50	26:42	35:34	26:46	27:06	29:23	28:09	25:46	25:34	26:33	27:13	27:52	27:48	24:06	27:04	30:21	29:16	25:29	28:36	27:43		

